{"stats":{"minecraft:dropped":{"minecraft:short_grass":1,"minecraft:cooked_porkchop":10,"minecraft:sand":5,"minecraft:iron_pickaxe":2,"minecraft:bone":3,"minecraft:gravel":2,"minecraft:cobbled_deepslate":1,"minecraft:rotten_flesh":38,"minecraft:oak_planks":1,"minecraft:cooked_mutton":10,"minecraft:white_bed":2,"minecraft:poppy":2,"minecraft:gunpowder":2,"minecraft:arrow":2,"minecraft:bread":60,"minecraft:wheat_seeds":8,"minecraft:golden_helmet":2,"minecraft:copper_ingot":1,"minecraft:coal":12,"minecraft:gray_wool":1,"minecraft:golden_carrot":22,"minecraft:torch":130,"minecraft:potion":1,"minecraft:string":8,"minecraft:pink_petals":22,"minecraft:raw_iron":4,"minecraft:tall_grass":2,"minecraft:filled_map":2,"minecraft:andesite":1,"minecraft:oak_sapling":1,"minecraft:spider_eye":1},"minecraft:broken":{"minecraft:iron_shovel":2,"minecraft:stone_axe":1,"minecraft:wooden_axe":1,"minecraft:stone_shovel":2,"minecraft:iron_axe":3,"minecraft:iron_pickaxe":2,"minecraft:wooden_hoe":1},"minecraft:killed":{"minecraft:witch":1,"minecraft:spider":13,"minecraft:skeleton":43,"minecraft:chicken":16,"minecraft:pig":36,"minecraft:creeper":2,"minecraft:sheep":43,"minecraft:pillager":10,"minecraft:zombie":39,"minecraft:cow":36,"minecraft:vindicator":5,"minecraft:drowned":1,"minecraft:ravager":1,"minecraft:polar_bear":2,"minecraft:enderman":2},"minecraft:crafted":{"minecraft:smooth_stone":6,"minecraft:oak_planks":208,"minecraft:cherry_slab":480,"minecraft:birch_boat":2,"minecraft:cooked_chicken":5,"minecraft:stone":250,"minecraft:bookshelf":7,"minecraft:cooked_mutton":55,"minecraft:glass":45,"minecraft:stone_brick_slab":2,"minecraft:diamond_helmet":2,"minecraft:diamond_leggings":2,"minecraft:iron_boots":2,"minecraft:chest":12,"minecraft:birch_door":3,"minecraft:smoker":4,"minecraft:oak_slab":6,"minecraft:emerald":61,"minecraft:cooked_porkchop":68,"minecraft:crafting_table":7,"minecraft:wooden_pickaxe":2,"minecraft:iron_helmet":2,"minecraft:fletching_table":2,"minecraft:birch_planks":136,"minecraft:lectern":1,"minecraft:iron_chestplate":2,"minecraft:wooden_hoe":1,"minecraft:diamond_pickaxe":1,"minecraft:shield":4,"minecraft:stick":1560,"minecraft:iron_ingot":232,"minecraft:iron_pickaxe":7,"minecraft:iron_block":3,"minecraft:gold_ingot":128,"minecraft:polished_diorite_stairs":2,"minecraft:golden_carrot":74,"minecraft:cherry_planks":300,"minecraft:oak_door":3,"minecraft:stone_shovel":2,"minecraft:furnace":8,"minecraft:blast_furnace":2,"minecraft:bone_meal":78,"minecraft:glass_pane":64,"minecraft:iron_axe":2,"minecraft:ladder":3,"minecraft:iron_hoe":1,"minecraft:stone_pickaxe":2,"minecraft:diamond_boots":2,"minecraft:cooked_beef":68,"minecraft:cooked_cod":1,"minecraft:diamond_sword":1,"minecraft:enchanting_table":1,"minecraft:iron_sword":1,"minecraft:cooked_salmon":1,"minecraft:bucket":1,"minecraft:stone_axe":3,"minecraft:enchanted_book":1,"minecraft:bread":3,"minecraft:air":0,"minecraft:golden_apple":3,"minecraft:gold_nugget":594,"minecraft:wooden_axe":2,"minecraft:cherry_door":3,"minecraft:iron_shovel":3,"minecraft:iron_leggings":2,"minecraft:stonecutter":1,"minecraft:anvil":1,"minecraft:white_bed":3,"minecraft:acacia_planks":876,"minecraft:torch":452,"minecraft:diamond_chestplate":2},"minecraft:used":{"minecraft:cherry_sapling":1,"minecraft:iron_shovel":1053,"minecraft:poppy":1,"minecraft:ladder":2,"minecraft:chest":15,"minecraft:shield":85,"minecraft:stone":2,"minecraft:iron_sword":137,"minecraft:rotten_flesh":2,"minecraft:iron_chestplate":2,"minecraft:mutton":6,"minecraft:carrot":206,"minecraft:acacia_sapling":11,"minecraft:tuff":1,"minecraft:glass":4,"minecraft:cyan_terracotta":8,"minecraft:iron_helmet":2,"minecraft:stone_bricks":236,"minecraft:oak_sapling":11,"minecraft:furnace":9,"minecraft:acacia_fence":4,"minecraft:polished_diorite_stairs":21,"minecraft:egg":1,"minecraft:potato":42,"minecraft:diorite":16,"minecraft:stone_pickaxe":232,"minecraft:wooden_pickaxe":56,"minecraft:sandstone":3,"minecraft:sugar_cane":16,"minecraft:white_wool":30,"minecraft:sand":2,"minecraft:yellow_terracotta":15,"minecraft:blast_furnace":2,"minecraft:acacia_door":4,"minecraft:bread":20,"minecraft:melon_slice":3,"minecraft:lectern":46,"minecraft:diamond_sword":225,"minecraft:andesite":3,"minecraft:bone_meal":105,"minecraft:enchanting_table":2,"minecraft:acacia_log":12,"minecraft:stone_shovel":264,"minecraft:cooked_chicken":3,"minecraft:netherrack":2,"minecraft:oak_door":2,"minecraft:torch":362,"minecraft:dirt":360,"minecraft:anvil":1,"minecraft:diamond_helmet":1,"minecraft:polished_diorite":175,"minecraft:birch_door":4,"minecraft:iron_hoe":22,"minecraft:stone_brick_slab":1,"minecraft:wooden_axe":48,"minecraft:bookshelf":6,"minecraft:iron_axe":910,"minecraft:cherry_slab":547,"minecraft:rooted_dirt":7,"minecraft:iron_boots":2,"minecraft:diamond_chestplate":1,"minecraft:light_gray_wool":5,"minecraft:golden_carrot":17,"minecraft:beef":4,"minecraft:cherry_log":57,"minecraft:cooked_beef":10,"minecraft:cobbled_deepslate":20,"minecraft:acacia_planks":120,"minecraft:orange_terracotta":16,"minecraft:iron_leggings":2,"minecraft:wheat_seeds":75,"minecraft:cooked_mutton":28,"minecraft:water_bucket":254,"minecraft:birch_planks":9,"minecraft:birch_boat":7,"minecraft:fletching_table":4,"minecraft:stonecutter":1,"minecraft:oak_slab":2,"minecraft:crafting_table":15,"minecraft:red_bed":7,"minecraft:brown_banner":1,"minecraft:white_bed":10,"minecraft:smoker":6,"minecraft:wooden_hoe":70,"minecraft:diamond_pickaxe":16,"minecraft:acacia_stairs":23,"minecraft:cherry_door":2,"minecraft:iron_pickaxe":1280,"minecraft:pink_petals":2,"minecraft:stone_axe":189,"minecraft:cobblestone":101,"minecraft:acacia_pressure_plate":2,"minecraft:cooked_porkchop":23,"minecraft:porkchop":4,"minecraft:bucket":257,"minecraft:glass_pane":50,"minecraft:diamond_leggings":1},"minecraft:picked_up":{"minecraft:birch_door":4,"minecraft:wheat":33,"minecraft:acacia_pressure_plate":2,"minecraft:amethyst_block":2,"minecraft:string":9,"minecraft:raw_copper":15,"minecraft:iron_leggings":1,"minecraft:gold_nugget":2,"minecraft:cobbled_deepslate":39,"minecraft:bucket":1,"minecraft:calcite":15,"minecraft:iron_pickaxe":3,"minecraft:melon_slice":148,"minecraft:furnace":8,"minecraft:golden_helmet":2,"minecraft:stick":58,"minecraft:acacia_fence":5,"minecraft:torch":95,"minecraft:acacia_log":279,"minecraft:porkchop":72,"minecraft:cherry_log":144,"minecraft:pointed_dripstone":1,"minecraft:diorite":226,"minecraft:rotten_flesh":56,"minecraft:cyan_terracotta":19,"minecraft:white_terracotta":12,"minecraft:obsidian":3,"minecraft:cod":1,"minecraft:cobblestone":453,"minecraft:birch_log":38,"minecraft:enchanting_table":1,"minecraft:pink_petals":641,"minecraft:feather":8,"minecraft:cherry_planks":6,"minecraft:water_bucket":1,"minecraft:andesite":13,"minecraft:orange_carpet":2,"minecraft:mud_brick_stairs":4,"minecraft:smoker":4,"minecraft:potato":82,"minecraft:flint":2,"minecraft:tuff":1,"minecraft:cherry_door":1,"minecraft:dirt":822,"minecraft:lapis_lazuli":356,"minecraft:bone":29,"minecraft:acacia_planks":106,"minecraft:bow":1,"minecraft:wheat_seeds":174,"minecraft:raw_gold":128,"minecraft:fletching_table":2,"minecraft:moss_block":3,"minecraft:oak_planks":18,"minecraft:sand":117,"minecraft:acacia_stairs":26,"minecraft:iron_hoe":1,"minecraft:light_gray_terracotta":5,"minecraft:diamond":99,"minecraft:bread":48,"minecraft:rooted_dirt":7,"minecraft:oak_sapling":12,"minecraft:cherry_slab":151,"minecraft:netherrack":2,"minecraft:crafting_table":10,"minecraft:chicken":10,"minecraft:ladder":1,"minecraft:clay_ball":4,"minecraft:red_bed":7,"minecraft:moss_carpet":1,"minecraft:iron_axe":1,"minecraft:acacia_door":8,"minecraft:white_carpet":2,"minecraft:cracked_stone_bricks":2,"minecraft:beef":72,"minecraft:poppy":3,"minecraft:light_gray_wool":7,"minecraft:lectern":47,"minecraft:sugar_cane":65,"minecraft:chest":3,"minecraft:egg":1,"minecraft:raw_iron":402,"minecraft:sandstone":3,"minecraft:oak_door":2,"minecraft:copper_ingot":1,"minecraft:carrot":590,"minecraft:redstone":32,"minecraft:arrow":44,"minecraft:hay_block":45,"minecraft:yellow_terracotta":29,"minecraft:saddle":1,"minecraft:glow_berries":1,"minecraft:mutton":62,"minecraft:white_wool":57,"minecraft:rail":14,"minecraft:mud_bricks":29,"minecraft:salmon":1,"minecraft:leather":36,"minecraft:acacia_wood":18,"minecraft:filled_map":1,"minecraft:oak_log":128,"minecraft:yellow_glazed_terracotta":3,"minecraft:gunpowder":4,"minecraft:orange_terracotta":16,"minecraft:cooked_mutton":21,"minecraft:apple":1,"minecraft:stone_bricks":61,"minecraft:light_gray_glazed_terracotta":7,"minecraft:heart_of_the_sea":1,"minecraft:iron_ingot":10,"minecraft:tall_grass":2,"minecraft:acacia_sapling":14,"minecraft:book":13,"minecraft:oak_slab":3,"minecraft:smooth_basalt":6,"minecraft:birch_boat":6,"minecraft:stone_brick_slab":1,"minecraft:dripstone_block":2,"minecraft:gravel":39,"minecraft:white_bed":11,"minecraft:spider_eye":1,"minecraft:polished_diorite_stairs":3,"minecraft:iron_helmet":1,"minecraft:short_grass":1,"minecraft:cherry_sapling":41,"minecraft:gray_wool":3,"minecraft:brown_banner":2,"minecraft:melon_seeds":10,"minecraft:coal":532,"minecraft:ender_pearl":1},"minecraft:custom":{"minecraft:animals_bred":1,"minecraft:interact_with_crafting_table":116,"minecraft:bell_ring":9,"minecraft:leave_game":10,"minecraft:time_since_death":363295,"minecraft:sprint_one_cm":1035675,"minecraft:damage_blocked_by_shield":3038,"minecraft:drop":80,"minecraft:talked_to_villager":62,"minecraft:play_time":577104,"minecraft:deaths":4,"minecraft:jump":12480,"minecraft:walk_on_water_one_cm":41446,"minecraft:enchant_item":14,"minecraft:interact_with_furnace":114,"minecraft:traded_with_villager":62,"minecraft:sleep_in_bed":28,"minecraft:damage_dealt":38318,"minecraft:crouch_one_cm":198682,"minecraft:interact_with_smoker":109,"minecraft:use_cauldron":2,"minecraft:mob_kills":255,"minecraft:interact_with_anvil":11,"minecraft:climb_one_cm":1528,"minecraft:walk_one_cm":1190348,"minecraft:raid_win":2,"minecraft:sneak_time":66455,"minecraft:walk_under_water_one_cm":53807,"minecraft:boat_one_cm":1347841,"minecraft:interact_with_blast_furnace":49,"minecraft:total_world_time":577104,"minecraft:interact_with_stonecutter":10,"minecraft:time_since_rest":7587,"minecraft:damage_taken":6247,"minecraft:swim_one_cm":106748,"minecraft:fly_one_cm":2142126,"minecraft:open_chest":316,"minecraft:fall_one_cm":319684},"minecraft:mined":{"minecraft:white_bed":9,"minecraft:attached_melon_stem":4,"minecraft:cherry_log":144,"minecraft:obsidian":3,"minecraft:cave_vines_plant":1,"minecraft:acacia_log":253,"minecraft:grass_block":427,"minecraft:mud_bricks":29,"minecraft:iron_ore":137,"minecraft:cobbled_deepslate":5,"minecraft:fletching_table":2,"minecraft:deepslate_lapis_ore":23,"minecraft:enchanting_table":1,"minecraft:cave_vines":1,"minecraft:dirt_path":24,"minecraft:deepslate_redstone_ore":5,"minecraft:cyan_terracotta":20,"minecraft:red_bed":7,"minecraft:melon_stem":2,"minecraft:smoker":4,"minecraft:orange_terracotta":16,"minecraft:clay":1,"minecraft:torch":7,"minecraft:light_gray_terracotta":5,"minecraft:calcite":15,"minecraft:mud_brick_stairs":4,"minecraft:melon":31,"minecraft:chest":3,"minecraft:cobblestone":24,"minecraft:sugar_cane":28,"minecraft:oak_planks":2,"minecraft:wall_torch":3,"minecraft:amethyst_block":2,"minecraft:cherry_slab":123,"minecraft:pink_petals":162,"minecraft:polished_diorite_stairs":3,"minecraft:white_terracotta":12,"minecraft:light_gray_glazed_terracotta":7,"minecraft:birch_log":38,"minecraft:wheat":51,"minecraft:brown_wall_banner":2,"minecraft:light_gray_wool":3,"minecraft:birch_door":4,"minecraft:yellow_glazed_terracotta":3,"minecraft:oak_log":91,"minecraft:acacia_fence":4,"minecraft:sand":119,"minecraft:dirt":220,"minecraft:smooth_basalt":6,"minecraft:red_mushroom_block":1,"minecraft:netherrack":2,"minecraft:oak_leaves":40,"minecraft:deepslate":30,"minecraft:yellow_terracotta":29,"minecraft:diamond_ore":10,"minecraft:tuff":1,"minecraft:deepslate_diamond_ore":42,"minecraft:oak_door":2,"minecraft:glow_lichen":1,"minecraft:moss_block":3,"minecraft:sandstone":3,"minecraft:rooted_dirt":14,"minecraft:hay_block":45,"minecraft:furnace":9,"minecraft:carrots":154,"minecraft:acacia_wood":18,"minecraft:acacia_stairs":26,"minecraft:andesite":7,"minecraft:bookshelf":4,"minecraft:potatoes":22,"minecraft:deepslate_iron_ore":59,"minecraft:rail":14,"minecraft:stone":418,"minecraft:white_wool":21,"minecraft:oak_slab":3,"minecraft:acacia_leaves":16,"minecraft:glass_pane":10,"minecraft:stone_brick_slab":1,"minecraft:crafting_table":11,"minecraft:short_grass":536,"minecraft:lectern":46,"minecraft:tall_grass":27,"minecraft:copper_ore":5,"minecraft:lapis_ore":12,"minecraft:deepslate_gold_ore":52,"minecraft:diorite":231,"minecraft:orange_carpet":2,"minecraft:ice":1,"minecraft:white_carpet":2,"minecraft:birch_leaves":13,"minecraft:coal_ore":229,"minecraft:cherry_leaves":58,"minecraft:dripstone_block":1,"minecraft:gravel":24,"minecraft:acacia_door":5,"minecraft:cobweb":3,"minecraft:cracked_stone_bricks":2,"minecraft:acacia_planks":35,"minecraft:stone_bricks":63,"minecraft:gold_ore":12},"minecraft:killed_by":{"minecraft:zombie":1}},"DataVersion":3700}