{"stats":{"minecraft:killed":{"minecraft:witch":1,"minecraft:spider":17,"minecraft:skeleton":73,"minecraft:chicken":17,"minecraft:piglin_brute":2,"minecraft:magma_cube":82,"minecraft:piglin":5,"minecraft:pig":41,"minecraft:zombie_villager":1,"minecraft:creeper":23,"minecraft:sheep":49,"minecraft:trader_llama":2,"minecraft:pillager":10,"minecraft:zombie":74,"minecraft:ghast":1,"minecraft:cow":36,"minecraft:vindicator":5,"minecraft:drowned":1,"minecraft:ravager":1,"minecraft:polar_bear":2,"minecraft:enderman":4},"minecraft:picked_up":{"minecraft:iron_chestplate":1,"minecraft:birch_door":4,"minecraft:wheat":35,"minecraft:diamond_sword":1,"minecraft:acacia_pressure_plate":2,"minecraft:amethyst_block":2,"minecraft:string":19,"minecraft:soul_soil":9,"minecraft:raw_copper":18,"minecraft:iron_leggings":4,"minecraft:armor_stand":2,"minecraft:diamond_leggings":1,"minecraft:gold_nugget":2,"minecraft:cobbled_deepslate":39,"minecraft:bucket":1,"minecraft:calcite":15,"minecraft:netherite_upgrade_smithing_template":1,"minecraft:iron_pickaxe":3,"minecraft:melon_slice":148,"minecraft:iron_boots":1,"minecraft:furnace":10,"minecraft:golden_helmet":2,"minecraft:stick":60,"minecraft:acacia_fence":5,"minecraft:torch":113,"minecraft:acacia_log":291,"minecraft:porkchop":80,"minecraft:cherry_log":156,"minecraft:pointed_dripstone":1,"minecraft:diorite":345,"minecraft:rotten_flesh":67,"minecraft:iron_block":6,"minecraft:cyan_terracotta":19,"minecraft:white_terracotta":12,"minecraft:obsidian":3,"minecraft:cod":1,"minecraft:cobblestone":505,"minecraft:birch_log":38,"minecraft:enchanting_table":1,"minecraft:pink_petals":752,"minecraft:feather":8,"minecraft:magma_cream":8,"minecraft:cherry_planks":7,"minecraft:cherry_leaves":60,"minecraft:water_bucket":3,"minecraft:andesite":17,"minecraft:orange_carpet":2,"minecraft:mud_brick_stairs":4,"minecraft:smoker":6,"minecraft:potato":97,"minecraft:flint":3,"minecraft:tuff":1,"minecraft:dirt":1226,"minecraft:cherry_door":1,"minecraft:lapis_lazuli":420,"minecraft:lantern":6,"minecraft:bone":49,"minecraft:acacia_planks":122,"minecraft:stonecutter":1,"minecraft:bow":3,"minecraft:wheat_seeds":206,"minecraft:raw_gold":132,"minecraft:diamond_helmet":3,"minecraft:fletching_table":2,"minecraft:moss_block":3,"minecraft:oak_planks":19,"minecraft:cooked_porkchop":8,"minecraft:sand":117,"minecraft:grass_block":1,"minecraft:acacia_stairs":26,"minecraft:iron_hoe":1,"minecraft:light_gray_terracotta":5,"minecraft:diamond":99,"minecraft:cracked_polished_blackstone_bricks":24,"minecraft:bread":48,"minecraft:rooted_dirt":7,"minecraft:oak_sapling":12,"minecraft:cherry_slab":174,"minecraft:netherrack":16,"minecraft:diamond_pickaxe":2,"minecraft:crafting_table":12,"minecraft:chicken":11,"minecraft:ladder":4,"minecraft:clay_ball":4,"minecraft:wooden_pickaxe":1,"minecraft:gold_block":24,"minecraft:stripped_cherry_log":11,"minecraft:chain":2,"minecraft:shield":1,"minecraft:red_bed":7,"minecraft:moss_carpet":1,"minecraft:iron_axe":2,"minecraft:acacia_door":9,"minecraft:flint_and_steel":1,"minecraft:white_carpet":2,"minecraft:iron_shovel":1,"minecraft:blackstone":23,"minecraft:cracked_stone_bricks":2,"minecraft:beef":72,"minecraft:poppy":8,"minecraft:light_gray_wool":9,"minecraft:lectern":62,"minecraft:sugar_cane":101,"minecraft:chest":3,"minecraft:egg":2,"minecraft:raw_iron":424,"minecraft:sandstone":3,"minecraft:oak_door":2,"minecraft:copper_ingot":1,"minecraft:polished_blackstone_bricks":28,"minecraft:carrot":691,"minecraft:redstone":32,"minecraft:arrow":58,"minecraft:diamond_chestplate":2,"minecraft:diamond_boots":2,"minecraft:hay_block":45,"minecraft:yellow_terracotta":49,"minecraft:saddle":1,"minecraft:gold_ingot":8,"minecraft:glow_berries":1,"minecraft:mutton":71,"minecraft:rail":14,"minecraft:white_wool":79,"minecraft:mud_bricks":29,"minecraft:basalt":8,"minecraft:golden_carrot":23,"minecraft:salmon":1,"minecraft:leather":36,"minecraft:acacia_wood":19,"minecraft:filled_map":1,"minecraft:oak_log":150,"minecraft:yellow_glazed_terracotta":3,"minecraft:golden_boots":1,"minecraft:gunpowder":6,"minecraft:orange_terracotta":16,"minecraft:cooked_mutton":27,"minecraft:apple":1,"minecraft:stone_bricks":113,"minecraft:light_gray_glazed_terracotta":7,"minecraft:heart_of_the_sea":1,"minecraft:iron_ingot":18,"minecraft:cooked_chicken":1,"minecraft:tall_grass":2,"minecraft:acacia_sapling":15,"minecraft:book":13,"minecraft:oak_slab":5,"minecraft:smooth_basalt":6,"minecraft:birch_boat":6,"minecraft:stone_brick_slab":5,"minecraft:quartz":17,"minecraft:dandelion":1,"minecraft:dripstone_block":2,"minecraft:gravel":55,"minecraft:blast_furnace":2,"minecraft:white_bed":13,"minecraft:spider_eye":5,"minecraft:polished_diorite_stairs":6,"minecraft:polished_diorite":9,"minecraft:short_grass":2,"minecraft:iron_helmet":3,"minecraft:cherry_sapling":44,"minecraft:gray_wool":7,"minecraft:melon_seeds":10,"minecraft:damaged_anvil":3,"minecraft:acacia_slab":2,"minecraft:brown_banner":2,"minecraft:black_wool":1,"minecraft:coal":647,"minecraft:ender_pearl":2},"minecraft:mined":{"minecraft:attached_melon_stem":4,"minecraft:white_bed":10,"minecraft:cherry_log":156,"minecraft:obsidian":3,"minecraft:cave_vines_plant":1,"minecraft:acacia_log":265,"minecraft:grass_block":629,"minecraft:cracked_polished_blackstone_bricks":25,"minecraft:polished_diorite":9,"minecraft:mud_bricks":29,"minecraft:polished_blackstone_bricks":40,"minecraft:cobbled_deepslate":5,"minecraft:iron_ore":137,"minecraft:fire":6,"minecraft:fletching_table":2,"minecraft:deepslate_lapis_ore":23,"minecraft:enchanting_table":1,"minecraft:cave_vines":1,"minecraft:dirt_path":25,"minecraft:deepslate_redstone_ore":5,"minecraft:red_bed":7,"minecraft:cyan_terracotta":20,"minecraft:blackstone":15,"minecraft:melon_stem":2,"minecraft:smoker":6,"minecraft:crimson_nylium":3,"minecraft:orange_terracotta":16,"minecraft:light_gray_terracotta":5,"minecraft:clay":1,"minecraft:torch":8,"minecraft:blast_furnace":2,"minecraft:calcite":15,"minecraft:mud_brick_stairs":4,"minecraft:melon":31,"minecraft:chest":3,"minecraft:glass":6,"minecraft:cobblestone":31,"minecraft:sugar_cane":55,"minecraft:oak_planks":3,"minecraft:damaged_anvil":2,"minecraft:wall_torch":12,"minecraft:amethyst_block":2,"minecraft:cherry_slab":139,"minecraft:pink_petals":202,"minecraft:polished_diorite_stairs":6,"minecraft:white_terracotta":12,"minecraft:chain":2,"minecraft:light_gray_glazed_terracotta":7,"minecraft:birch_log":38,"minecraft:wheat":53,"minecraft:brown_wall_banner":2,"minecraft:light_gray_wool":4,"minecraft:birch_door":4,"minecraft:yellow_glazed_terracotta":3,"minecraft:oak_log":113,"minecraft:acacia_fence":4,"minecraft:sand":119,"minecraft:dirt":385,"minecraft:smooth_basalt":6,"minecraft:red_mushroom_block":1,"minecraft:stonecutter":1,"minecraft:netherrack":22,"minecraft:oak_leaves":49,"minecraft:deepslate":30,"minecraft:yellow_terracotta":49,"minecraft:diamond_ore":10,"minecraft:tuff":1,"minecraft:deepslate_diamond_ore":42,"minecraft:oak_door":2,"minecraft:stripped_cherry_log":11,"minecraft:glow_lichen":1,"minecraft:crimson_roots":1,"minecraft:acacia_slab":1,"minecraft:moss_block":3,"minecraft:sandstone":3,"minecraft:rooted_dirt":14,"minecraft:hay_block":45,"minecraft:furnace":11,"minecraft:carrots":184,"minecraft:acacia_wood":19,"minecraft:acacia_stairs":26,"minecraft:andesite":11,"minecraft:gold_block":12,"minecraft:bookshelf":4,"minecraft:potatoes":25,"minecraft:deepslate_iron_ore":59,"minecraft:rail":14,"minecraft:lantern":5,"minecraft:stone":466,"minecraft:white_wool":22,"minecraft:oak_slab":5,"minecraft:acacia_leaves":18,"minecraft:glass_pane":28,"minecraft:cherry_planks":1,"minecraft:basalt":8,"minecraft:stone_brick_slab":5,"minecraft:dandelion":1,"minecraft:crafting_table":12,"minecraft:short_grass":638,"minecraft:lectern":61,"minecraft:copper_ore":6,"minecraft:tall_grass":30,"minecraft:deepslate_gold_ore":52,"minecraft:lapis_ore":12,"minecraft:diorite":350,"minecraft:orange_carpet":2,"minecraft:gray_wool":1,"minecraft:ice":1,"minecraft:white_carpet":2,"minecraft:birch_leaves":13,"minecraft:coal_ore":232,"minecraft:cherry_leaves":131,"minecraft:dripstone_block":1,"minecraft:gravel":41,"minecraft:acacia_door":8,"minecraft:cobweb":3,"minecraft:cracked_stone_bricks":2,"minecraft:acacia_planks":36,"minecraft:stone_bricks":115,"minecraft:gold_ore":16},"minecraft:crafted":{"minecraft:oak_planks":296,"minecraft:smooth_stone":6,"minecraft:cherry_slab":480,"minecraft:birch_boat":2,"minecraft:cooked_chicken":5,"minecraft:stone":250,"minecraft:bookshelf":7,"minecraft:cooked_mutton":55,"minecraft:glass":45,"minecraft:stone_brick_slab":8,"minecraft:diamond_helmet":2,"minecraft:diamond_leggings":2,"minecraft:iron_boots":2,"minecraft:chest":12,"minecraft:birch_door":3,"minecraft:oak_fence":39,"minecraft:golden_boots":1,"minecraft:smoker":4,"minecraft:oak_slab":6,"minecraft:emerald":62,"minecraft:cooked_porkchop":68,"minecraft:crafting_table":9,"minecraft:acacia_slab":12,"minecraft:wooden_pickaxe":2,"minecraft:baked_potato":40,"minecraft:iron_helmet":2,"minecraft:fletching_table":2,"minecraft:birch_planks":136,"minecraft:lectern":1,"minecraft:iron_chestplate":2,"minecraft:wooden_hoe":1,"minecraft:paper":24,"minecraft:diamond_pickaxe":1,"minecraft:shield":5,"minecraft:stick":1592,"minecraft:iron_ingot":357,"minecraft:iron_pickaxe":7,"minecraft:iron_block":3,"minecraft:gold_ingot":146,"minecraft:polished_diorite_stairs":2,"minecraft:shears":1,"minecraft:golden_carrot":138,"minecraft:cherry_planks":304,"minecraft:oak_door":3,"minecraft:stone_shovel":2,"minecraft:iron_nugget":144,"minecraft:furnace":8,"minecraft:blast_furnace":2,"minecraft:bone_meal":78,"minecraft:glass_pane":64,"minecraft:flint_and_steel":1,"minecraft:lantern":14,"minecraft:iron_axe":2,"minecraft:ladder":3,"minecraft:iron_hoe":1,"minecraft:stone_pickaxe":2,"minecraft:diamond_boots":2,"minecraft:cooked_beef":68,"minecraft:cooked_cod":1,"minecraft:diamond_sword":1,"minecraft:enchanting_table":1,"minecraft:iron_sword":1,"minecraft:cooked_salmon":1,"minecraft:bucket":5,"minecraft:stone_axe":3,"minecraft:enchanted_book":1,"minecraft:bread":3,"minecraft:air":0,"minecraft:oak_fence_gate":1,"minecraft:golden_apple":3,"minecraft:gold_nugget":1107,"minecraft:wooden_axe":2,"minecraft:iron_shovel":4,"minecraft:cherry_door":3,"minecraft:iron_leggings":2,"minecraft:stonecutter":1,"minecraft:anvil":1,"minecraft:white_bed":3,"minecraft:acacia_planks":920,"minecraft:torch":452,"minecraft:diamond_chestplate":2},"minecraft:custom":{"minecraft:animals_bred":1,"minecraft:interact_with_crafting_table":138,"minecraft:bell_ring":9,"minecraft:leave_game":12,"minecraft:time_since_death":42318,"minecraft:sprint_one_cm":1576075,"minecraft:damage_blocked_by_shield":4803,"minecraft:drop":137,"minecraft:talked_to_villager":87,"minecraft:play_time":796082,"minecraft:deaths":6,"minecraft:jump":18991,"minecraft:walk_on_water_one_cm":56874,"minecraft:enchant_item":18,"minecraft:interact_with_furnace":123,"minecraft:traded_with_villager":63,"minecraft:sleep_in_bed":34,"minecraft:damage_dealt":63093,"minecraft:crouch_one_cm":248660,"minecraft:interact_with_smoker":130,"minecraft:use_cauldron":9,"minecraft:mob_kills":467,"minecraft:interact_with_anvil":12,"minecraft:climb_one_cm":8248,"minecraft:walk_one_cm":1617638,"minecraft:raid_win":2,"minecraft:sneak_time":83901,"minecraft:walk_under_water_one_cm":59882,"minecraft:boat_one_cm":1347841,"minecraft:interact_with_blast_furnace":90,"minecraft:total_world_time":796082,"minecraft:interact_with_stonecutter":12,"minecraft:time_since_rest":42338,"minecraft:damage_taken":9899,"minecraft:swim_one_cm":122082,"minecraft:fly_one_cm":3312725,"minecraft:open_chest":533,"minecraft:fall_one_cm":471085},"minecraft:used":{"minecraft:cherry_sapling":2,"minecraft:iron_shovel":1434,"minecraft:poppy":1,"minecraft:ladder":2,"minecraft:chest":15,"minecraft:shield":137,"minecraft:stone":2,"minecraft:iron_sword":214,"minecraft:rotten_flesh":2,"minecraft:iron_chestplate":3,"minecraft:mutton":7,"minecraft:carrot":236,"minecraft:acacia_sapling":11,"minecraft:tuff":1,"minecraft:glass":14,"minecraft:cyan_terracotta":8,"minecraft:lava_bucket":11,"minecraft:grass_block":1,"minecraft:lantern":19,"minecraft:iron_helmet":3,"minecraft:cherry_leaves":60,"minecraft:stone_bricks":292,"minecraft:furnace":11,"minecraft:oak_sapling":11,"minecraft:acacia_fence":4,"minecraft:polished_diorite_stairs":39,"minecraft:egg":2,"minecraft:potato":45,"minecraft:golden_boots":2,"minecraft:diamond_boots":2,"minecraft:diorite":16,"minecraft:damaged_anvil":1,"minecraft:stone_pickaxe":232,"minecraft:oak_planks":9,"minecraft:blackstone":4,"minecraft:ender_pearl":1,"minecraft:wooden_pickaxe":56,"minecraft:sandstone":3,"minecraft:sugar_cane":16,"minecraft:white_wool":32,"minecraft:sand":2,"minecraft:yellow_terracotta":35,"minecraft:blast_furnace":4,"minecraft:shears":70,"minecraft:acacia_door":5,"minecraft:bread":20,"minecraft:melon_slice":3,"minecraft:lectern":61,"minecraft:gravel":17,"minecraft:diamond_sword":529,"minecraft:andesite":3,"minecraft:bone_meal":105,"minecraft:oak_fence":37,"minecraft:enchanting_table":2,"minecraft:acacia_log":13,"minecraft:flint_and_steel":15,"minecraft:armor_stand":2,"minecraft:stone_shovel":264,"minecraft:cooked_chicken":3,"minecraft:netherrack":16,"minecraft:oak_door":2,"minecraft:torch":370,"minecraft:dirt":410,"minecraft:anvil":1,"minecraft:diamond_helmet":2,"minecraft:oak_fence_gate":1,"minecraft:polished_diorite":232,"minecraft:birch_door":4,"minecraft:iron_hoe":22,"minecraft:stone_brick_slab":7,"minecraft:wooden_axe":48,"minecraft:bookshelf":6,"minecraft:iron_axe":1047,"minecraft:rooted_dirt":7,"minecraft:cherry_slab":644,"minecraft:acacia_slab":14,"minecraft:iron_boots":2,"minecraft:light_gray_wool":6,"minecraft:diamond_chestplate":2,"minecraft:basalt":4,"minecraft:golden_carrot":63,"minecraft:beef":4,"minecraft:soul_soil":7,"minecraft:acacia_wood":1,"minecraft:acacia_planks":139,"minecraft:cooked_beef":10,"minecraft:orange_terracotta":16,"minecraft:cobbled_deepslate":20,"minecraft:cherry_log":79,"minecraft:iron_leggings":3,"minecraft:wheat_seeds":75,"minecraft:cooked_mutton":28,"minecraft:water_bucket":281,"minecraft:birch_planks":9,"minecraft:baked_potato":12,"minecraft:birch_boat":7,"minecraft:cherry_planks":5,"minecraft:stonecutter":2,"minecraft:fletching_table":4,"minecraft:polished_blackstone_bricks":28,"minecraft:crafting_table":19,"minecraft:oak_slab":2,"minecraft:red_bed":7,"minecraft:brown_banner":1,"minecraft:white_bed":11,"minecraft:smoker":8,"minecraft:wooden_hoe":70,"minecraft:diamond_pickaxe":379,"minecraft:acacia_stairs":23,"minecraft:cherry_door":2,"minecraft:cracked_polished_blackstone_bricks":20,"minecraft:iron_pickaxe":1347,"minecraft:stone_axe":209,"minecraft:pink_petals":2,"minecraft:cobblestone":143,"minecraft:porkchop":4,"minecraft:acacia_pressure_plate":2,"minecraft:cooked_porkchop":23,"minecraft:bucket":295,"minecraft:glass_pane":63,"minecraft:gray_wool":2,"minecraft:diamond_leggings":2},"minecraft:killed_by":{"minecraft:piglin_brute":1,"minecraft:zombie":1,"minecraft:enderman":1},"minecraft:broken":{"minecraft:iron_shovel":3,"minecraft:stone_axe":1,"minecraft:wooden_axe":1,"minecraft:stone_shovel":2,"minecraft:iron_axe":3,"minecraft:iron_pickaxe":3,"minecraft:wooden_hoe":1},"minecraft:dropped":{"minecraft:iron_sword":1,"minecraft:short_grass":1,"minecraft:cooked_porkchop":10,"minecraft:netherite_upgrade_smithing_template":2,"minecraft:gold_block":12,"minecraft:mutton":1,"minecraft:sand":5,"minecraft:iron_pickaxe":2,"minecraft:gold_ingot":8,"minecraft:bone":8,"minecraft:gravel":2,"minecraft:blackstone":9,"minecraft:cobbled_deepslate":1,"minecraft:rotten_flesh":46,"minecraft:oak_planks":1,"minecraft:cooked_mutton":10,"minecraft:white_bed":2,"minecraft:poppy":6,"minecraft:gunpowder":5,"minecraft:arrow":6,"minecraft:quartz":15,"minecraft:iron_ingot":7,"minecraft:golden_boots":1,"minecraft:bread":60,"minecraft:wheat_seeds":11,"minecraft:golden_helmet":2,"minecraft:iron_helmet":1,"minecraft:copper_ingot":1,"minecraft:coal":12,"minecraft:iron_block":6,"minecraft:gray_wool":1,"minecraft:golden_carrot":22,"minecraft:torch":130,"minecraft:diamond_helmet":3,"minecraft:potion":1,"minecraft:iron_leggings":1,"minecraft:string":10,"minecraft:pink_petals":22,"minecraft:bucket":1,"minecraft:dandelion":1,"minecraft:raw_iron":4,"minecraft:tall_grass":2,"minecraft:filled_map":2,"minecraft:diamond_chestplate":3,"minecraft:andesite":1,"minecraft:oak_sapling":1,"minecraft:spider_eye":4,"minecraft:diamond_boots":1,"minecraft:magma_cream":8}},"DataVersion":3700}