{"stats":{"minecraft:picked_up":{"minecraft:crafting_table":9,"minecraft:birch_door":4,"minecraft:chicken":3,"minecraft:ladder":1,"minecraft:amethyst_block":2,"minecraft:moss_carpet":1,"minecraft:string":2,"minecraft:red_bed":2,"minecraft:acacia_door":3,"minecraft:cracked_stone_bricks":2,"minecraft:cobbled_deepslate":5,"minecraft:beef":50,"minecraft:calcite":15,"minecraft:light_gray_wool":6,"minecraft:lectern":46,"minecraft:chest":1,"minecraft:furnace":6,"minecraft:golden_helmet":2,"minecraft:stick":3,"minecraft:raw_iron":58,"minecraft:sandstone":3,"minecraft:oak_door":2,"minecraft:copper_ingot":1,"minecraft:torch":12,"minecraft:acacia_log":96,"minecraft:porkchop":43,"minecraft:diorite":11,"minecraft:carrot":33,"minecraft:arrow":8,"minecraft:rotten_flesh":15,"minecraft:hay_block":45,"minecraft:cyan_terracotta":19,"minecraft:yellow_terracotta":17,"minecraft:white_terracotta":12,"minecraft:glow_berries":1,"minecraft:mutton":36,"minecraft:cod":1,"minecraft:cobblestone":113,"minecraft:white_wool":38,"minecraft:birch_log":38,"minecraft:mud_bricks":29,"minecraft:feather":5,"minecraft:andesite":3,"minecraft:salmon":1,"minecraft:leather":23,"minecraft:mud_brick_stairs":4,"minecraft:smoker":3,"minecraft:filled_map":1,"minecraft:flint":2,"minecraft:oak_log":15,"minecraft:yellow_glazed_terracotta":3,"minecraft:lapis_lazuli":29,"minecraft:dirt":24,"minecraft:bone":5,"minecraft:acacia_planks":5,"minecraft:stone_bricks":3,"minecraft:bow":1,"minecraft:wheat_seeds":6,"minecraft:light_gray_glazed_terracotta":7,"minecraft:raw_gold":6,"minecraft:iron_ingot":10,"minecraft:tall_grass":2,"minecraft:moss_block":3,"minecraft:oak_planks":17,"minecraft:acacia_sapling":4,"minecraft:book":3,"minecraft:smooth_basalt":6,"minecraft:birch_boat":6,"minecraft:gravel":22,"minecraft:sand":9,"minecraft:white_bed":11,"minecraft:acacia_stairs":11,"minecraft:light_gray_terracotta":5,"minecraft:diamond":15,"minecraft:short_grass":1,"minecraft:gray_wool":3,"minecraft:rooted_dirt":7,"minecraft:oak_sapling":1,"minecraft:brown_banner":2,"minecraft:melon_seeds":1,"minecraft:coal":179},"minecraft:killed":{"minecraft:spider":4,"minecraft:skeleton":10,"minecraft:chicken":8,"minecraft:drowned":1,"minecraft:pig":20,"minecraft:polar_bear":2,"minecraft:sheep":26,"minecraft:zombie":10,"minecraft:enderman":1,"minecraft:cow":26},"minecraft:mined":{"minecraft:yellow_terracotta":17,"minecraft:diamond_ore":10,"minecraft:white_bed":9,"minecraft:deepslate_diamond_ore":5,"minecraft:oak_door":2,"minecraft:cave_vines_plant":1,"minecraft:acacia_log":96,"minecraft:grass_block":19,"minecraft:mud_bricks":29,"minecraft:moss_block":3,"minecraft:sandstone":3,"minecraft:rooted_dirt":14,"minecraft:hay_block":45,"minecraft:furnace":7,"minecraft:carrots":9,"minecraft:iron_ore":47,"minecraft:acacia_stairs":11,"minecraft:andesite":1,"minecraft:deepslate_lapis_ore":4,"minecraft:bookshelf":1,"minecraft:cave_vines":1,"minecraft:deepslate_iron_ore":9,"minecraft:stone":88,"minecraft:white_wool":18,"minecraft:acacia_leaves":7,"minecraft:glass_pane":5,"minecraft:red_bed":2,"minecraft:cyan_terracotta":20,"minecraft:melon_stem":1,"minecraft:smoker":3,"minecraft:crafting_table":10,"minecraft:torch":6,"minecraft:light_gray_terracotta":5,"minecraft:short_grass":44,"minecraft:calcite":15,"minecraft:mud_brick_stairs":4,"minecraft:chest":1,"minecraft:lectern":46,"minecraft:tall_grass":3,"minecraft:cobblestone":13,"minecraft:deepslate_gold_ore":5,"minecraft:lapis_ore":1,"minecraft:oak_planks":1,"minecraft:diorite":11,"minecraft:amethyst_block":2,"minecraft:white_terracotta":12,"minecraft:light_gray_glazed_terracotta":7,"minecraft:birch_log":38,"minecraft:wheat":1,"minecraft:ice":1,"minecraft:brown_wall_banner":2,"minecraft:birch_leaves":13,"minecraft:birch_door":4,"minecraft:light_gray_wool":3,"minecraft:yellow_glazed_terracotta":3,"minecraft:coal_ore":73,"minecraft:oak_log":15,"minecraft:acacia_fence":1,"minecraft:acacia_door":2,"minecraft:gravel":9,"minecraft:sand":10,"minecraft:dirt":5,"minecraft:smooth_basalt":6,"minecraft:cracked_stone_bricks":2,"minecraft:acacia_planks":5,"minecraft:red_mushroom_block":1,"minecraft:stone_bricks":3,"minecraft:gold_ore":1,"minecraft:oak_leaves":13,"minecraft:deepslate":5},"minecraft:used":{"minecraft:acacia_log":1,"minecraft:ladder":2,"minecraft:chest":1,"minecraft:shield":31,"minecraft:iron_sword":10,"minecraft:cooked_chicken":1,"minecraft:oak_door":2,"minecraft:torch":72,"minecraft:dirt":20,"minecraft:mutton":6,"minecraft:carrot":49,"minecraft:birch_door":4,"minecraft:wooden_axe":48,"minecraft:cyan_terracotta":8,"minecraft:iron_axe":283,"minecraft:rooted_dirt":7,"minecraft:iron_helmet":1,"minecraft:iron_boots":1,"minecraft:stone_bricks":3,"minecraft:light_gray_wool":5,"minecraft:furnace":6,"minecraft:cooked_beef":8,"minecraft:acacia_planks":2,"minecraft:cobbled_deepslate":5,"minecraft:iron_leggings":1,"minecraft:cooked_mutton":7,"minecraft:water_bucket":198,"minecraft:diorite":4,"minecraft:birch_planks":9,"minecraft:stone_pickaxe":231,"minecraft:wooden_pickaxe":56,"minecraft:birch_boat":7,"minecraft:sandstone":3,"minecraft:white_wool":23,"minecraft:sand":2,"minecraft:yellow_terracotta":13,"minecraft:crafting_table":13,"minecraft:red_bed":2,"minecraft:brown_banner":1,"minecraft:white_bed":9,"minecraft:smoker":5,"minecraft:wooden_hoe":70,"minecraft:acacia_stairs":4,"minecraft:acacia_door":2,"minecraft:iron_pickaxe":144,"minecraft:lectern":46,"minecraft:stone_axe":92,"minecraft:cobblestone":47,"minecraft:cooked_porkchop":5,"minecraft:porkchop":2,"minecraft:bucket":199,"minecraft:andesite":2},"minecraft:custom":{"minecraft:mob_kills":109,"minecraft:interact_with_crafting_table":47,"minecraft:bell_ring":5,"minecraft:leave_game":4,"minecraft:time_since_death":128106,"minecraft:climb_one_cm":299,"minecraft:sprint_one_cm":236033,"minecraft:walk_one_cm":354596,"minecraft:damage_blocked_by_shield":922,"minecraft:drop":32,"minecraft:talked_to_villager":48,"minecraft:play_time":197640,"minecraft:deaths":2,"minecraft:sneak_time":20467,"minecraft:walk_under_water_one_cm":37667,"minecraft:boat_one_cm":1347841,"minecraft:jump":3237,"minecraft:walk_on_water_one_cm":19365,"minecraft:total_world_time":197640,"minecraft:interact_with_furnace":47,"minecraft:traded_with_villager":18,"minecraft:sleep_in_bed":5,"minecraft:time_since_rest":4773,"minecraft:damage_taken":1933,"minecraft:damage_dealt":12957,"minecraft:swim_one_cm":69958,"minecraft:fly_one_cm":505223,"minecraft:open_chest":47,"minecraft:crouch_one_cm":47468,"minecraft:interact_with_smoker":63,"minecraft:fall_one_cm":76682},"minecraft:crafted":{"minecraft:oak_door":3,"minecraft:oak_planks":44,"minecraft:cooked_chicken":3,"minecraft:birch_boat":2,"minecraft:furnace":4,"minecraft:bookshelf":1,"minecraft:cooked_mutton":28,"minecraft:iron_boots":1,"minecraft:iron_axe":2,"minecraft:ladder":3,"minecraft:stone_pickaxe":2,"minecraft:chest":1,"minecraft:birch_door":3,"minecraft:smoker":3,"minecraft:cooked_beef":50,"minecraft:cooked_cod":1,"minecraft:oak_slab":6,"minecraft:emerald":18,"minecraft:cooked_porkchop":41,"minecraft:crafting_table":5,"minecraft:wooden_pickaxe":2,"minecraft:iron_helmet":1,"minecraft:iron_sword":1,"minecraft:cooked_salmon":1,"minecraft:bucket":1,"minecraft:birch_planks":136,"minecraft:stone_axe":2,"minecraft:air":0,"minecraft:lectern":1,"minecraft:wooden_hoe":1,"minecraft:iron_chestplate":1,"minecraft:shield":3,"minecraft:stick":640,"minecraft:iron_ingot":42,"minecraft:iron_pickaxe":3,"minecraft:wooden_axe":2,"minecraft:gold_ingot":6,"minecraft:iron_leggings":1,"minecraft:white_bed":3,"minecraft:acacia_planks":364,"minecraft:torch":104},"minecraft:killed_by":{"minecraft:zombie":1},"minecraft:dropped":{"minecraft:wheat_seeds":2,"minecraft:golden_helmet":2,"minecraft:cooked_porkchop":10,"minecraft:copper_ingot":1,"minecraft:gray_wool":1,"minecraft:potion":1,"minecraft:sand":5,"minecraft:string":2,"minecraft:bone":3,"minecraft:raw_iron":1,"minecraft:rotten_flesh":10,"minecraft:cooked_mutton":10,"minecraft:white_bed":2,"minecraft:filled_map":2},"minecraft:broken":{"minecraft:iron_axe":1,"minecraft:stone_axe":1,"minecraft:wooden_axe":1,"minecraft:wooden_hoe":1}},"DataVersion":3700}