{"stats":{"minecraft:killed_by":{"minecraft:piglin_brute":1,"minecraft:magma_cube":3,"minecraft:piglin":1,"minecraft:zombie":1,"minecraft:enderman":1},"minecraft:dropped":{"minecraft:iron_sword":1,"minecraft:short_grass":1,"minecraft:cooked_porkchop":10,"minecraft:netherite_upgrade_smithing_template":2,"minecraft:weeping_vines":2,"minecraft:gold_block":12,"minecraft:mutton":1,"minecraft:sand":5,"minecraft:iron_pickaxe":2,"minecraft:gold_ingot":8,"minecraft:bone":8,"minecraft:gravel":2,"minecraft:blackstone":9,"minecraft:cobbled_deepslate":1,"minecraft:rotten_flesh":58,"minecraft:oak_planks":1,"minecraft:cooked_mutton":10,"minecraft:white_bed":2,"minecraft:poppy":6,"minecraft:gunpowder":5,"minecraft:arrow":6,"minecraft:quartz":15,"minecraft:iron_ingot":7,"minecraft:golden_boots":1,"minecraft:bread":60,"minecraft:wheat_seeds":12,"minecraft:golden_helmet":2,"minecraft:iron_helmet":1,"minecraft:copper_ingot":1,"minecraft:coal":12,"minecraft:iron_block":6,"minecraft:gray_wool":1,"minecraft:golden_carrot":22,"minecraft:torch":130,"minecraft:diamond_helmet":3,"minecraft:potion":1,"minecraft:iron_leggings":1,"minecraft:string":10,"minecraft:pink_petals":34,"minecraft:bucket":1,"minecraft:dandelion":1,"minecraft:raw_iron":4,"minecraft:tall_grass":2,"minecraft:iron_hoe":1,"minecraft:filled_map":2,"minecraft:diamond_chestplate":3,"minecraft:andesite":1,"minecraft:oak_sapling":1,"minecraft:spider_eye":4,"minecraft:diamond_boots":1,"minecraft:magma_cream":8},"minecraft:mined":{"minecraft:attached_melon_stem":4,"minecraft:white_bed":10,"minecraft:cherry_log":156,"minecraft:obsidian":3,"minecraft:cave_vines_plant":1,"minecraft:acacia_log":265,"minecraft:grass_block":642,"minecraft:cracked_polished_blackstone_bricks":33,"minecraft:polished_diorite":9,"minecraft:mud_bricks":29,"minecraft:composter":2,"minecraft:gilded_blackstone":1,"minecraft:polished_blackstone_bricks":58,"minecraft:weeping_vines_plant":4,"minecraft:cobbled_deepslate":5,"minecraft:iron_ore":137,"minecraft:fire":24,"minecraft:fletching_table":2,"minecraft:deepslate_lapis_ore":23,"minecraft:enchanting_table":1,"minecraft:cave_vines":1,"minecraft:dirt_path":27,"minecraft:orange_bed":3,"minecraft:deepslate_redstone_ore":5,"minecraft:red_bed":7,"minecraft:cyan_terracotta":20,"minecraft:blackstone":15,"minecraft:melon_stem":3,"minecraft:smoker":6,"minecraft:crimson_nylium":74,"minecraft:orange_terracotta":16,"minecraft:light_gray_terracotta":5,"minecraft:clay":1,"minecraft:torch":8,"minecraft:blast_furnace":2,"minecraft:calcite":15,"minecraft:mud_brick_stairs":4,"minecraft:melon":31,"minecraft:chest":3,"minecraft:glass":6,"minecraft:nether_quartz_ore":74,"minecraft:cobblestone":42,"minecraft:sugar_cane":68,"minecraft:oak_planks":3,"minecraft:damaged_anvil":2,"minecraft:wall_torch":14,"minecraft:amethyst_block":2,"minecraft:cherry_slab":139,"minecraft:pink_petals":206,"minecraft:polished_diorite_stairs":6,"minecraft:white_terracotta":12,"minecraft:chain":2,"minecraft:light_gray_glazed_terracotta":7,"minecraft:nether_wart_block":9,"minecraft:birch_log":38,"minecraft:wheat":73,"minecraft:brown_wall_banner":2,"minecraft:light_gray_wool":4,"minecraft:birch_door":4,"minecraft:yellow_glazed_terracotta":3,"minecraft:oak_log":113,"minecraft:acacia_fence":4,"minecraft:sand":119,"minecraft:dirt":409,"minecraft:smooth_basalt":6,"minecraft:red_mushroom_block":1,"minecraft:stonecutter":1,"minecraft:netherrack":151,"minecraft:oak_leaves":49,"minecraft:deepslate":30,"minecraft:nether_gold_ore":26,"minecraft:yellow_terracotta":53,"minecraft:diamond_ore":10,"minecraft:tuff":1,"minecraft:deepslate_diamond_ore":42,"minecraft:oak_door":2,"minecraft:stripped_cherry_log":11,"minecraft:nether_bricks":15,"minecraft:glow_lichen":1,"minecraft:crimson_roots":16,"minecraft:weeping_vines":1,"minecraft:acacia_slab":1,"minecraft:moss_block":3,"minecraft:sandstone":3,"minecraft:rooted_dirt":14,"minecraft:hay_block":45,"minecraft:furnace":11,"minecraft:carrots":243,"minecraft:acacia_wood":19,"minecraft:acacia_stairs":26,"minecraft:andesite":11,"minecraft:gold_block":12,"minecraft:bookshelf":4,"minecraft:potatoes":45,"minecraft:deepslate_iron_ore":59,"minecraft:shroomlight":3,"minecraft:rail":14,"minecraft:lantern":5,"minecraft:stone":542,"minecraft:white_wool":22,"minecraft:oak_slab":5,"minecraft:acacia_leaves":22,"minecraft:glass_pane":28,"minecraft:cherry_planks":1,"minecraft:basalt":15,"minecraft:stone_brick_slab":5,"minecraft:dandelion":1,"minecraft:crafting_table":12,"minecraft:short_grass":662,"minecraft:lectern":61,"minecraft:tall_grass":34,"minecraft:copper_ore":6,"minecraft:deepslate_gold_ore":52,"minecraft:lapis_ore":12,"minecraft:diorite":350,"minecraft:orange_carpet":2,"minecraft:gray_wool":1,"minecraft:ice":1,"minecraft:white_carpet":2,"minecraft:birch_leaves":13,"minecraft:coal_ore":232,"minecraft:cherry_leaves":131,"minecraft:dripstone_block":1,"minecraft:gravel":41,"minecraft:acacia_door":9,"minecraft:cobweb":3,"minecraft:cracked_stone_bricks":2,"minecraft:acacia_planks":38,"minecraft:stone_bricks":115,"minecraft:gold_ore":16},"minecraft:crafted":{"minecraft:oak_planks":312,"minecraft:smooth_stone":6,"minecraft:cherry_slab":480,"minecraft:birch_boat":2,"minecraft:cooked_chicken":5,"minecraft:stone":251,"minecraft:bookshelf":7,"minecraft:cooked_mutton":55,"minecraft:glass":45,"minecraft:stone_brick_slab":8,"minecraft:diamond_helmet":2,"minecraft:diamond_leggings":2,"minecraft:bow":1,"minecraft:iron_boots":3,"minecraft:chest":12,"minecraft:birch_door":3,"minecraft:oak_fence":39,"minecraft:golden_boots":1,"minecraft:smoker":4,"minecraft:oak_slab":6,"minecraft:emerald":62,"minecraft:cooked_porkchop":68,"minecraft:crafting_table":9,"minecraft:acacia_slab":12,"minecraft:wooden_pickaxe":2,"minecraft:baked_potato":40,"minecraft:iron_helmet":2,"minecraft:fletching_table":2,"minecraft:birch_planks":136,"minecraft:dispenser":1,"minecraft:lectern":1,"minecraft:iron_chestplate":3,"minecraft:wooden_hoe":1,"minecraft:paper":24,"minecraft:diamond_pickaxe":2,"minecraft:shield":6,"minecraft:stick":1592,"minecraft:iron_ingot":357,"minecraft:iron_pickaxe":7,"minecraft:iron_block":3,"minecraft:gold_ingot":159,"minecraft:redstone_torch":1,"minecraft:polished_diorite_stairs":2,"minecraft:shears":1,"minecraft:golden_carrot":151,"minecraft:cherry_planks":304,"minecraft:oak_door":3,"minecraft:stone_shovel":2,"minecraft:iron_nugget":144,"minecraft:furnace":8,"minecraft:stone_button":1,"minecraft:blast_furnace":2,"minecraft:bone_meal":174,"minecraft:oak_trapdoor":4,"minecraft:glass_pane":64,"minecraft:flint_and_steel":1,"minecraft:lantern":14,"minecraft:iron_axe":3,"minecraft:ladder":3,"minecraft:iron_hoe":1,"minecraft:stone_pickaxe":2,"minecraft:diamond_boots":2,"minecraft:minecart":1,"minecraft:cooked_beef":68,"minecraft:cooked_cod":1,"minecraft:diamond_sword":2,"minecraft:enchanting_table":1,"minecraft:powered_rail":6,"minecraft:iron_sword":1,"minecraft:cooked_salmon":1,"minecraft:bucket":5,"minecraft:stone_axe":3,"minecraft:enchanted_book":3,"minecraft:bread":3,"minecraft:air":0,"minecraft:oak_fence_gate":1,"minecraft:golden_apple":3,"minecraft:gold_nugget":1107,"minecraft:wooden_axe":2,"minecraft:iron_shovel":4,"minecraft:cherry_door":3,"minecraft:iron_leggings":2,"minecraft:stonecutter":1,"minecraft:anvil":1,"minecraft:white_bed":3,"minecraft:acacia_planks":920,"minecraft:torch":464,"minecraft:diamond_chestplate":2},"minecraft:used":{"minecraft:cherry_sapling":2,"minecraft:iron_shovel":1434,"minecraft:dispenser":1,"minecraft:poppy":1,"minecraft:ladder":2,"minecraft:chest":15,"minecraft:shield":176,"minecraft:stone":4,"minecraft:iron_sword":214,"minecraft:rotten_flesh":2,"minecraft:iron_chestplate":4,"minecraft:mutton":7,"minecraft:carrot":335,"minecraft:acacia_sapling":11,"minecraft:tuff":1,"minecraft:glass":16,"minecraft:cyan_terracotta":8,"minecraft:lava_bucket":11,"minecraft:grass_block":1,"minecraft:lantern":19,"minecraft:iron_helmet":4,"minecraft:cherry_leaves":60,"minecraft:stone_bricks":292,"minecraft:bow":27,"minecraft:furnace":11,"minecraft:oak_sapling":11,"minecraft:acacia_fence":4,"minecraft:polished_diorite_stairs":39,"minecraft:egg":2,"minecraft:potato":64,"minecraft:golden_boots":2,"minecraft:powered_rail":2,"minecraft:diamond_boots":3,"minecraft:diorite":16,"minecraft:damaged_anvil":2,"minecraft:stone_pickaxe":232,"minecraft:oak_planks":9,"minecraft:blackstone":4,"minecraft:ender_pearl":1,"minecraft:wooden_pickaxe":56,"minecraft:sandstone":3,"minecraft:composter":2,"minecraft:sugar_cane":18,"minecraft:white_wool":33,"minecraft:golden_apple":1,"minecraft:sand":2,"minecraft:yellow_terracotta":39,"minecraft:blast_furnace":4,"minecraft:crossbow":8,"minecraft:shears":70,"minecraft:redstone_torch":1,"minecraft:acacia_door":5,"minecraft:stone_button":1,"minecraft:bread":20,"minecraft:melon_slice":3,"minecraft:lectern":61,"minecraft:gravel":17,"minecraft:nether_wart_block":3,"minecraft:diamond_sword":782,"minecraft:andesite":3,"minecraft:bone_meal":114,"minecraft:oak_trapdoor":3,"minecraft:oak_fence":37,"minecraft:enchanting_table":2,"minecraft:acacia_log":13,"minecraft:flint_and_steel":36,"minecraft:armor_stand":2,"minecraft:stone_shovel":264,"minecraft:cooked_chicken":3,"minecraft:netherrack":120,"minecraft:oak_door":2,"minecraft:orange_bed":3,"minecraft:torch":380,"minecraft:dirt":675,"minecraft:anvil":1,"minecraft:diamond_helmet":3,"minecraft:oak_fence_gate":1,"minecraft:polished_diorite":232,"minecraft:shroomlight":2,"minecraft:birch_door":4,"minecraft:iron_hoe":60,"minecraft:stone_brick_slab":7,"minecraft:wooden_axe":48,"minecraft:bookshelf":6,"minecraft:iron_axe":1083,"minecraft:rooted_dirt":7,"minecraft:cherry_slab":644,"minecraft:acacia_slab":14,"minecraft:iron_boots":3,"minecraft:light_gray_wool":6,"minecraft:diamond_chestplate":4,"minecraft:basalt":4,"minecraft:golden_carrot":81,"minecraft:beef":4,"minecraft:soul_soil":7,"minecraft:acacia_wood":1,"minecraft:acacia_planks":141,"minecraft:cooked_beef":10,"minecraft:orange_terracotta":16,"minecraft:cobbled_deepslate":20,"minecraft:cherry_log":79,"minecraft:iron_leggings":3,"minecraft:wheat_seeds":124,"minecraft:cooked_mutton":43,"minecraft:water_bucket":284,"minecraft:birch_planks":9,"minecraft:baked_potato":12,"minecraft:birch_boat":7,"minecraft:cherry_planks":5,"minecraft:stonecutter":2,"minecraft:fletching_table":4,"minecraft:polished_blackstone_bricks":44,"minecraft:rail":2,"minecraft:crafting_table":19,"minecraft:oak_slab":2,"minecraft:red_bed":7,"minecraft:brown_banner":1,"minecraft:white_bed":11,"minecraft:smoker":8,"minecraft:wooden_hoe":70,"minecraft:diamond_pickaxe":839,"minecraft:acacia_stairs":23,"minecraft:cherry_door":2,"minecraft:cracked_polished_blackstone_bricks":24,"minecraft:iron_pickaxe":1347,"minecraft:stone_axe":209,"minecraft:pink_petals":2,"minecraft:cobblestone":236,"minecraft:porkchop":4,"minecraft:acacia_pressure_plate":2,"minecraft:cooked_porkchop":23,"minecraft:bucket":298,"minecraft:glass_pane":63,"minecraft:gray_wool":2,"minecraft:diamond_leggings":3},"minecraft:broken":{"minecraft:iron_shovel":3,"minecraft:stone_axe":1,"minecraft:wooden_axe":1,"minecraft:stone_shovel":2,"minecraft:iron_axe":3,"minecraft:iron_pickaxe":3,"minecraft:wooden_hoe":1},"minecraft:custom":{"minecraft:animals_bred":1,"minecraft:interact_with_crafting_table":151,"minecraft:bell_ring":11,"minecraft:leave_game":13,"minecraft:time_since_death":109268,"minecraft:sprint_one_cm":1835454,"minecraft:damage_blocked_by_shield":6108,"minecraft:drop":165,"minecraft:talked_to_villager":91,"minecraft:play_time":925651,"minecraft:deaths":11,"minecraft:jump":22306,"minecraft:walk_on_water_one_cm":63958,"minecraft:enchant_item":18,"minecraft:interact_with_furnace":125,"minecraft:traded_with_villager":65,"minecraft:sleep_in_bed":37,"minecraft:damage_dealt":79338,"minecraft:crouch_one_cm":285608,"minecraft:inspect_dispenser":2,"minecraft:interact_with_smoker":133,"minecraft:use_cauldron":9,"minecraft:mob_kills":614,"minecraft:interact_with_anvil":19,"minecraft:climb_one_cm":9639,"minecraft:walk_one_cm":1882521,"minecraft:raid_win":2,"minecraft:sneak_time":96257,"minecraft:walk_under_water_one_cm":59882,"minecraft:boat_one_cm":1347841,"minecraft:interact_with_blast_furnace":93,"minecraft:total_world_time":925651,"minecraft:interact_with_stonecutter":12,"minecraft:time_since_rest":52504,"minecraft:damage_taken":13206,"minecraft:damage_absorbed":42,"minecraft:swim_one_cm":122082,"minecraft:fly_one_cm":4004801,"minecraft:open_chest":677,"minecraft:fall_one_cm":556629},"minecraft:picked_up":{"minecraft:iron_chestplate":3,"minecraft:birch_door":4,"minecraft:wheat":52,"minecraft:diamond_sword":3,"minecraft:acacia_pressure_plate":2,"minecraft:gilded_blackstone":2,"minecraft:amethyst_block":2,"minecraft:string":19,"minecraft:soul_soil":10,"minecraft:raw_copper":18,"minecraft:iron_leggings":5,"minecraft:armor_stand":2,"minecraft:shroomlight":3,"minecraft:diamond_leggings":1,"minecraft:gold_nugget":109,"minecraft:cobbled_deepslate":39,"minecraft:bucket":1,"minecraft:calcite":15,"minecraft:netherite_upgrade_smithing_template":1,"minecraft:iron_pickaxe":3,"minecraft:melon_slice":148,"minecraft:iron_boots":2,"minecraft:furnace":10,"minecraft:golden_helmet":2,"minecraft:stick":60,"minecraft:acacia_fence":5,"minecraft:composter":2,"minecraft:torch":115,"minecraft:acacia_log":291,"minecraft:porkchop":112,"minecraft:golden_axe":1,"minecraft:cherry_log":156,"minecraft:pointed_dripstone":1,"minecraft:diorite":345,"minecraft:golden_chestplate":2,"minecraft:orange_bed":3,"minecraft:rotten_flesh":79,"minecraft:iron_block":6,"minecraft:cyan_terracotta":19,"minecraft:white_terracotta":12,"minecraft:blaze_rod":2,"minecraft:obsidian":3,"minecraft:cod":1,"minecraft:cobblestone":592,"minecraft:birch_log":38,"minecraft:enchanting_table":1,"minecraft:pink_petals":764,"minecraft:feather":8,"minecraft:magma_cream":8,"minecraft:cherry_planks":7,"minecraft:cherry_leaves":60,"minecraft:water_bucket":5,"minecraft:andesite":17,"minecraft:orange_carpet":2,"minecraft:mud_brick_stairs":4,"minecraft:smoker":6,"minecraft:potato":154,"minecraft:flint":3,"minecraft:tuff":1,"minecraft:dirt":1446,"minecraft:cherry_door":1,"minecraft:lapis_lazuli":420,"minecraft:lantern":6,"minecraft:bone":51,"minecraft:acacia_planks":124,"minecraft:stonecutter":1,"minecraft:bow":3,"minecraft:wheat_seeds":256,"minecraft:raw_gold":132,"minecraft:diamond_helmet":3,"minecraft:fletching_table":2,"minecraft:moss_block":3,"minecraft:oak_planks":19,"minecraft:cooked_porkchop":8,"minecraft:poisonous_potato":1,"minecraft:sand":117,"minecraft:grass_block":2,"minecraft:acacia_stairs":26,"minecraft:iron_hoe":3,"minecraft:light_gray_terracotta":5,"minecraft:diamond":99,"minecraft:cracked_polished_blackstone_bricks":31,"minecraft:crossbow":1,"minecraft:bone_meal":1,"minecraft:bread":48,"minecraft:rooted_dirt":7,"minecraft:oak_sapling":12,"minecraft:cherry_slab":174,"minecraft:netherrack":207,"minecraft:crimson_roots":36,"minecraft:diamond_pickaxe":4,"minecraft:crafting_table":12,"minecraft:chicken":11,"minecraft:ladder":4,"minecraft:clay_ball":4,"minecraft:wooden_pickaxe":1,"minecraft:gold_block":24,"minecraft:stripped_cherry_log":11,"minecraft:chain":2,"minecraft:shield":2,"minecraft:red_bed":7,"minecraft:moss_carpet":1,"minecraft:iron_axe":2,"minecraft:acacia_door":10,"minecraft:flint_and_steel":3,"minecraft:white_carpet":2,"minecraft:iron_shovel":1,"minecraft:blackstone":23,"minecraft:cracked_stone_bricks":2,"minecraft:beef":72,"minecraft:minecart":8,"minecraft:poppy":8,"minecraft:light_gray_wool":9,"minecraft:lectern":62,"minecraft:sugar_cane":120,"minecraft:chest":3,"minecraft:egg":2,"minecraft:raw_iron":424,"minecraft:sandstone":3,"minecraft:oak_door":2,"minecraft:copper_ingot":1,"minecraft:polished_blackstone_bricks":44,"minecraft:carrot":910,"minecraft:redstone":32,"minecraft:arrow":59,"minecraft:weeping_vines":2,"minecraft:diamond_chestplate":2,"minecraft:nether_bricks":15,"minecraft:diamond_boots":2,"minecraft:hay_block":45,"minecraft:yellow_terracotta":53,"minecraft:saddle":1,"minecraft:gold_ingot":8,"minecraft:glow_berries":1,"minecraft:mutton":73,"minecraft:rail":14,"minecraft:white_wool":80,"minecraft:bone_block":8,"minecraft:mud_bricks":29,"minecraft:basalt":26,"minecraft:golden_carrot":52,"minecraft:salmon":1,"minecraft:leather":42,"minecraft:acacia_wood":19,"minecraft:filled_map":1,"minecraft:crimson_fungus":1,"minecraft:oak_log":150,"minecraft:yellow_glazed_terracotta":3,"minecraft:nether_wart_block":12,"minecraft:golden_boots":1,"minecraft:gunpowder":6,"minecraft:orange_terracotta":16,"minecraft:cooked_mutton":27,"minecraft:apple":1,"minecraft:stone_bricks":113,"minecraft:light_gray_glazed_terracotta":7,"minecraft:heart_of_the_sea":1,"minecraft:iron_ingot":18,"minecraft:cooked_chicken":1,"minecraft:tall_grass":2,"minecraft:acacia_sapling":15,"minecraft:book":13,"minecraft:oak_slab":5,"minecraft:smooth_basalt":6,"minecraft:birch_boat":6,"minecraft:stone_brick_slab":5,"minecraft:quartz":91,"minecraft:dandelion":1,"minecraft:dripstone_block":2,"minecraft:gravel":55,"minecraft:blast_furnace":2,"minecraft:white_bed":13,"minecraft:spider_eye":5,"minecraft:polished_diorite_stairs":6,"minecraft:stone_axe":1,"minecraft:polished_diorite":9,"minecraft:short_grass":2,"minecraft:iron_helmet":5,"minecraft:cherry_sapling":44,"minecraft:gray_wool":7,"minecraft:melon_seeds":11,"minecraft:damaged_anvil":3,"minecraft:acacia_slab":2,"minecraft:brown_banner":2,"minecraft:black_wool":1,"minecraft:coal":647,"minecraft:ender_pearl":2},"minecraft:killed":{"minecraft:witch":1,"minecraft:spider":17,"minecraft:skeleton":83,"minecraft:chicken":17,"minecraft:piglin_brute":4,"minecraft:magma_cube":158,"minecraft:piglin":24,"minecraft:pig":41,"minecraft:zombie_villager":1,"minecraft:creeper":30,"minecraft:sheep":50,"minecraft:trader_llama":2,"minecraft:pillager":10,"minecraft:zombie":81,"minecraft:ghast":2,"minecraft:blaze":4,"minecraft:cow":36,"minecraft:vindicator":5,"minecraft:drowned":1,"minecraft:ravager":1,"minecraft:hoglin":13,"minecraft:polar_bear":2,"minecraft:villager":1,"minecraft:enderman":5}},"DataVersion":3700}