{"stats":{"minecraft:killed_by":{"minecraft:zombie":1},"minecraft:custom":{"minecraft:interact_with_crafting_table":85,"minecraft:bell_ring":9,"minecraft:leave_game":8,"minecraft:time_since_death":195432,"minecraft:sprint_one_cm":670610,"minecraft:damage_blocked_by_shield":1317,"minecraft:drop":60,"minecraft:talked_to_villager":62,"minecraft:play_time":409241,"minecraft:deaths":4,"minecraft:jump":8617,"minecraft:walk_on_water_one_cm":31461,"minecraft:enchant_item":11,"minecraft:interact_with_furnace":69,"minecraft:traded_with_villager":62,"minecraft:sleep_in_bed":19,"minecraft:damage_dealt":27354,"minecraft:crouch_one_cm":121928,"minecraft:interact_with_smoker":103,"minecraft:mob_kills":201,"minecraft:interact_with_anvil":8,"minecraft:climb_one_cm":1512,"minecraft:walk_one_cm":792672,"minecraft:raid_win":2,"minecraft:sneak_time":42838,"minecraft:walk_under_water_one_cm":43727,"minecraft:boat_one_cm":1347841,"minecraft:interact_with_blast_furnace":19,"minecraft:total_world_time":409241,"minecraft:interact_with_stonecutter":1,"minecraft:time_since_rest":1412,"minecraft:damage_taken":4871,"minecraft:swim_one_cm":95549,"minecraft:fly_one_cm":1509213,"minecraft:open_chest":233,"minecraft:fall_one_cm":232789},"minecraft:dropped":{"minecraft:short_grass":1,"minecraft:cooked_porkchop":10,"minecraft:sand":5,"minecraft:iron_pickaxe":2,"minecraft:bone":3,"minecraft:rotten_flesh":16,"minecraft:cooked_mutton":10,"minecraft:white_bed":2,"minecraft:poppy":1,"minecraft:gunpowder":2,"minecraft:arrow":1,"minecraft:bread":60,"minecraft:wheat_seeds":3,"minecraft:golden_helmet":2,"minecraft:copper_ingot":1,"minecraft:gray_wool":1,"minecraft:golden_carrot":22,"minecraft:torch":130,"minecraft:potion":1,"minecraft:string":2,"minecraft:pink_petals":22,"minecraft:raw_iron":4,"minecraft:tall_grass":2,"minecraft:filled_map":2,"minecraft:oak_sapling":1},"minecraft:broken":{"minecraft:iron_shovel":1,"minecraft:stone_axe":1,"minecraft:wooden_axe":1,"minecraft:iron_axe":2,"minecraft:iron_pickaxe":2,"minecraft:wooden_hoe":1},"minecraft:mined":{"minecraft:attached_melon_stem":4,"minecraft:white_bed":9,"minecraft:cherry_log":38,"minecraft:obsidian":3,"minecraft:cave_vines_plant":1,"minecraft:acacia_log":215,"minecraft:grass_block":163,"minecraft:mud_bricks":29,"minecraft:iron_ore":82,"minecraft:fletching_table":2,"minecraft:deepslate_lapis_ore":13,"minecraft:enchanting_table":1,"minecraft:cave_vines":1,"minecraft:dirt_path":23,"minecraft:red_bed":7,"minecraft:cyan_terracotta":20,"minecraft:melon_stem":2,"minecraft:smoker":4,"minecraft:orange_terracotta":16,"minecraft:torch":6,"minecraft:light_gray_terracotta":5,"minecraft:calcite":15,"minecraft:mud_brick_stairs":4,"minecraft:melon":30,"minecraft:chest":1,"minecraft:cobblestone":13,"minecraft:oak_planks":1,"minecraft:sugar_cane":5,"minecraft:wall_torch":1,"minecraft:amethyst_block":2,"minecraft:pink_petals":12,"minecraft:white_terracotta":12,"minecraft:light_gray_glazed_terracotta":7,"minecraft:birch_log":38,"minecraft:wheat":32,"minecraft:brown_wall_banner":2,"minecraft:light_gray_wool":3,"minecraft:birch_door":4,"minecraft:yellow_glazed_terracotta":3,"minecraft:oak_log":55,"minecraft:acacia_fence":3,"minecraft:sand":10,"minecraft:dirt":36,"minecraft:smooth_basalt":6,"minecraft:red_mushroom_block":1,"minecraft:netherrack":2,"minecraft:oak_leaves":36,"minecraft:deepslate":9,"minecraft:yellow_terracotta":29,"minecraft:diamond_ore":10,"minecraft:deepslate_diamond_ore":13,"minecraft:oak_door":2,"minecraft:moss_block":3,"minecraft:sandstone":3,"minecraft:rooted_dirt":14,"minecraft:hay_block":45,"minecraft:furnace":8,"minecraft:carrots":108,"minecraft:acacia_wood":18,"minecraft:acacia_stairs":26,"minecraft:andesite":2,"minecraft:bookshelf":4,"minecraft:deepslate_iron_ore":15,"minecraft:stone":371,"minecraft:white_wool":21,"minecraft:acacia_leaves":15,"minecraft:glass_pane":9,"minecraft:crafting_table":11,"minecraft:short_grass":443,"minecraft:lectern":46,"minecraft:tall_grass":27,"minecraft:copper_ore":5,"minecraft:deepslate_gold_ore":23,"minecraft:lapis_ore":8,"minecraft:diorite":219,"minecraft:orange_carpet":2,"minecraft:ice":1,"minecraft:white_carpet":2,"minecraft:birch_leaves":13,"minecraft:coal_ore":200,"minecraft:cherry_leaves":12,"minecraft:acacia_door":5,"minecraft:gravel":24,"minecraft:dripstone_block":1,"minecraft:cracked_stone_bricks":2,"minecraft:acacia_planks":34,"minecraft:stone_bricks":3,"minecraft:gold_ore":2},"minecraft:crafted":{"minecraft:smooth_stone":3,"minecraft:oak_planks":208,"minecraft:birch_boat":2,"minecraft:cooked_chicken":5,"minecraft:stone":6,"minecraft:bookshelf":7,"minecraft:cooked_mutton":55,"minecraft:diamond_helmet":2,"minecraft:diamond_leggings":2,"minecraft:iron_boots":2,"minecraft:chest":2,"minecraft:birch_door":3,"minecraft:smoker":4,"minecraft:oak_slab":6,"minecraft:emerald":61,"minecraft:cooked_porkchop":60,"minecraft:crafting_table":7,"minecraft:wooden_pickaxe":2,"minecraft:iron_helmet":2,"minecraft:fletching_table":2,"minecraft:birch_planks":136,"minecraft:lectern":1,"minecraft:iron_chestplate":2,"minecraft:wooden_hoe":1,"minecraft:diamond_pickaxe":1,"minecraft:shield":4,"minecraft:stick":1516,"minecraft:iron_ingot":126,"minecraft:iron_pickaxe":7,"minecraft:iron_block":3,"minecraft:gold_ingot":42,"minecraft:golden_carrot":43,"minecraft:oak_door":3,"minecraft:furnace":7,"minecraft:blast_furnace":1,"minecraft:bone_meal":24,"minecraft:iron_axe":2,"minecraft:ladder":3,"minecraft:stone_pickaxe":2,"minecraft:diamond_boots":2,"minecraft:cooked_beef":68,"minecraft:cooked_cod":1,"minecraft:diamond_sword":1,"minecraft:enchanting_table":1,"minecraft:iron_sword":1,"minecraft:cooked_salmon":1,"minecraft:bucket":1,"minecraft:stone_axe":2,"minecraft:enchanted_book":1,"minecraft:bread":3,"minecraft:air":0,"minecraft:gold_nugget":351,"minecraft:wooden_axe":2,"minecraft:iron_shovel":2,"minecraft:iron_leggings":2,"minecraft:stonecutter":1,"minecraft:anvil":1,"minecraft:white_bed":3,"minecraft:acacia_planks":816,"minecraft:torch":292,"minecraft:diamond_chestplate":2},"minecraft:killed":{"minecraft:spider":7,"minecraft:skeleton":23,"minecraft:chicken":16,"minecraft:pig":32,"minecraft:creeper":1,"minecraft:sheep":43,"minecraft:pillager":10,"minecraft:zombie":19,"minecraft:cow":36,"minecraft:vindicator":5,"minecraft:drowned":1,"minecraft:ravager":1,"minecraft:polar_bear":2,"minecraft:enderman":1},"minecraft:used":{"minecraft:cherry_sapling":1,"minecraft:iron_shovel":741,"minecraft:ladder":2,"minecraft:chest":3,"minecraft:shield":38,"minecraft:iron_sword":137,"minecraft:rotten_flesh":2,"minecraft:iron_chestplate":1,"minecraft:mutton":6,"minecraft:carrot":158,"minecraft:acacia_sapling":11,"minecraft:cyan_terracotta":8,"minecraft:iron_helmet":2,"minecraft:stone_bricks":3,"minecraft:oak_sapling":8,"minecraft:furnace":8,"minecraft:acacia_fence":1,"minecraft:egg":1,"minecraft:diorite":4,"minecraft:stone_pickaxe":232,"minecraft:wooden_pickaxe":56,"minecraft:sandstone":3,"minecraft:sugar_cane":11,"minecraft:white_wool":30,"minecraft:sand":2,"minecraft:yellow_terracotta":15,"minecraft:blast_furnace":1,"minecraft:acacia_door":4,"minecraft:melon_slice":3,"minecraft:bread":9,"minecraft:lectern":46,"minecraft:diamond_sword":78,"minecraft:andesite":3,"minecraft:bone_meal":51,"minecraft:enchanting_table":2,"minecraft:acacia_log":12,"minecraft:cooked_chicken":3,"minecraft:netherrack":2,"minecraft:oak_door":2,"minecraft:torch":188,"minecraft:dirt":216,"minecraft:anvil":1,"minecraft:diamond_helmet":1,"minecraft:birch_door":4,"minecraft:wooden_axe":48,"minecraft:bookshelf":6,"minecraft:iron_axe":636,"minecraft:rooted_dirt":7,"minecraft:iron_boots":2,"minecraft:diamond_chestplate":1,"minecraft:light_gray_wool":5,"minecraft:golden_carrot":10,"minecraft:beef":4,"minecraft:cooked_beef":10,"minecraft:cobbled_deepslate":5,"minecraft:acacia_planks":120,"minecraft:orange_terracotta":16,"minecraft:iron_leggings":2,"minecraft:wheat_seeds":45,"minecraft:cooked_mutton":11,"minecraft:water_bucket":212,"minecraft:birch_planks":9,"minecraft:birch_boat":7,"minecraft:stonecutter":1,"minecraft:fletching_table":4,"minecraft:crafting_table":15,"minecraft:red_bed":7,"minecraft:brown_banner":1,"minecraft:white_bed":10,"minecraft:smoker":6,"minecraft:wooden_hoe":70,"minecraft:diamond_pickaxe":16,"minecraft:acacia_stairs":23,"minecraft:iron_pickaxe":882,"minecraft:stone_axe":92,"minecraft:cobblestone":50,"minecraft:acacia_pressure_plate":2,"minecraft:cooked_porkchop":23,"minecraft:porkchop":4,"minecraft:bucket":213,"minecraft:diamond_leggings":1},"minecraft:picked_up":{"minecraft:birch_door":4,"minecraft:wheat":14,"minecraft:acacia_pressure_plate":2,"minecraft:amethyst_block":2,"minecraft:string":3,"minecraft:raw_copper":15,"minecraft:iron_leggings":1,"minecraft:cobbled_deepslate":15,"minecraft:bucket":1,"minecraft:calcite":15,"minecraft:iron_pickaxe":2,"minecraft:melon_slice":142,"minecraft:furnace":7,"minecraft:golden_helmet":2,"minecraft:stick":17,"minecraft:acacia_fence":2,"minecraft:torch":89,"minecraft:acacia_log":212,"minecraft:porkchop":64,"minecraft:cherry_log":38,"minecraft:pointed_dripstone":1,"minecraft:diorite":214,"minecraft:rotten_flesh":30,"minecraft:cyan_terracotta":19,"minecraft:white_terracotta":12,"minecraft:obsidian":3,"minecraft:cod":1,"minecraft:cobblestone":397,"minecraft:birch_log":38,"minecraft:enchanting_table":1,"minecraft:pink_petals":22,"minecraft:feather":8,"minecraft:andesite":12,"minecraft:orange_carpet":2,"minecraft:mud_brick_stairs":4,"minecraft:smoker":4,"minecraft:flint":2,"minecraft:dirt":225,"minecraft:lapis_lazuli":172,"minecraft:bone":11,"minecraft:acacia_planks":98,"minecraft:bow":1,"minecraft:wheat_seeds":103,"minecraft:raw_gold":42,"minecraft:fletching_table":2,"minecraft:moss_block":3,"minecraft:oak_planks":17,"minecraft:sand":9,"minecraft:acacia_stairs":26,"minecraft:light_gray_terracotta":5,"minecraft:diamond":35,"minecraft:rooted_dirt":7,"minecraft:oak_sapling":9,"minecraft:netherrack":2,"minecraft:crafting_table":10,"minecraft:chicken":10,"minecraft:ladder":1,"minecraft:red_bed":7,"minecraft:moss_carpet":1,"minecraft:iron_axe":1,"minecraft:acacia_door":8,"minecraft:white_carpet":2,"minecraft:cracked_stone_bricks":2,"minecraft:beef":72,"minecraft:poppy":1,"minecraft:light_gray_wool":7,"minecraft:lectern":47,"minecraft:sugar_cane":11,"minecraft:chest":1,"minecraft:egg":1,"minecraft:raw_iron":153,"minecraft:sandstone":3,"minecraft:oak_door":2,"minecraft:copper_ingot":1,"minecraft:carrot":421,"minecraft:arrow":19,"minecraft:hay_block":45,"minecraft:yellow_terracotta":29,"minecraft:saddle":1,"minecraft:glow_berries":1,"minecraft:mutton":62,"minecraft:white_wool":57,"minecraft:mud_bricks":29,"minecraft:salmon":1,"minecraft:leather":36,"minecraft:acacia_wood":18,"minecraft:filled_map":1,"minecraft:oak_log":56,"minecraft:yellow_glazed_terracotta":3,"minecraft:gunpowder":2,"minecraft:orange_terracotta":16,"minecraft:apple":1,"minecraft:stone_bricks":3,"minecraft:light_gray_glazed_terracotta":7,"minecraft:heart_of_the_sea":1,"minecraft:iron_ingot":10,"minecraft:tall_grass":2,"minecraft:acacia_sapling":14,"minecraft:book":13,"minecraft:smooth_basalt":6,"minecraft:birch_boat":6,"minecraft:dripstone_block":2,"minecraft:gravel":37,"minecraft:white_bed":11,"minecraft:short_grass":1,"minecraft:iron_helmet":1,"minecraft:cherry_sapling":4,"minecraft:gray_wool":3,"minecraft:brown_banner":2,"minecraft:melon_seeds":10,"minecraft:coal":452}},"DataVersion":3700}