{"stats":{"minecraft:killed":{"minecraft:shulker":15,"minecraft:skeleton":96,"minecraft:chicken":17,"minecraft:magma_cube":165,"minecraft:ender_dragon":1,"minecraft:pillager":10,"minecraft:zombie":89,"minecraft:cow":38,"minecraft:vindicator":5,"minecraft:ravager":1,"minecraft:polar_bear":2,"minecraft:enderman":52,"minecraft:zombified_piglin":1,"minecraft:witch":1,"minecraft:spider":22,"minecraft:piglin_brute":4,"minecraft:piglin":50,"minecraft:pig":42,"minecraft:zombie_villager":1,"minecraft:creeper":32,"minecraft:sheep":50,"minecraft:trader_llama":2,"minecraft:ghast":3,"minecraft:blaze":25,"minecraft:drowned":3,"minecraft:hoglin":31,"minecraft:wither_skeleton":8,"minecraft:villager":1},"minecraft:picked_up":{"minecraft:iron_chestplate":3,"minecraft:birch_door":4,"minecraft:diamond_sword":4,"minecraft:acacia_pressure_plate":2,"minecraft:enchanted_book":1,"minecraft:golden_sword":1,"minecraft:amethyst_block":2,"minecraft:string":21,"minecraft:soul_soil":11,"minecraft:shroomlight":4,"minecraft:diamond_leggings":3,"minecraft:gold_nugget":477,"minecraft:cobbled_deepslate":39,"minecraft:netherite_upgrade_smithing_template":1,"minecraft:melon_slice":148,"minecraft:golden_helmet":2,"minecraft:composter":4,"minecraft:purpur_pillar":3,"minecraft:acacia_log":313,"minecraft:golden_axe":1,"minecraft:cherry_log":156,"minecraft:golden_chestplate":2,"minecraft:orange_bed":3,"minecraft:iron_block":6,"minecraft:cyan_terracotta":19,"minecraft:end_rod":5,"minecraft:white_terracotta":12,"minecraft:blaze_rod":16,"minecraft:birch_log":38,"minecraft:feather":8,"minecraft:cooked_beef":1,"minecraft:water_bucket":5,"minecraft:cherry_leaves":60,"minecraft:smoker":6,"minecraft:flint":5,"minecraft:cherry_door":1,"minecraft:lantern":6,"minecraft:stonecutter":1,"minecraft:diamond_helmet":5,"minecraft:glowstone_dust":111,"minecraft:moss_block":3,"minecraft:warped_wart_block":5,"minecraft:acacia_stairs":26,"minecraft:iron_hoe":3,"minecraft:bread":48,"minecraft:rooted_dirt":7,"minecraft:cherry_slab":174,"minecraft:crimson_roots":71,"minecraft:diamond_pickaxe":6,"minecraft:crafting_table":22,"minecraft:nether_wart":20,"minecraft:clay_ball":4,"minecraft:stripped_cherry_log":11,"minecraft:purpur_block":3,"minecraft:red_bed":7,"minecraft:acacia_door":10,"minecraft:flint_and_steel":3,"minecraft:white_carpet":2,"minecraft:iron_shovel":1,"minecraft:cracked_stone_bricks":2,"minecraft:beef":74,"minecraft:iron_nugget":58,"minecraft:poppy":8,"minecraft:minecart":8,"minecraft:chest":4,"minecraft:egg":2,"minecraft:sandstone":3,"minecraft:oak_door":2,"minecraft:fire_charge":5,"minecraft:carrot":960,"minecraft:redstone":32,"minecraft:diamond_chestplate":4,"minecraft:diamond_boots":4,"minecraft:hay_block":45,"minecraft:purpur_slab":1,"minecraft:yellow_terracotta":58,"minecraft:gold_ingot":54,"minecraft:glow_berries":1,"minecraft:mutton":73,"minecraft:bone_block":13,"minecraft:white_wool":80,"minecraft:rail":14,"minecraft:mud_bricks":29,"minecraft:acacia_wood":21,"minecraft:filled_map":2,"minecraft:oak_log":156,"minecraft:lily_pad":1,"minecraft:golden_boots":1,"minecraft:paper":14,"minecraft:stone_bricks":113,"minecraft:apple":1,"minecraft:kelp":2,"minecraft:light_gray_glazed_terracotta":7,"minecraft:warped_stem":10,"minecraft:tall_grass":2,"minecraft:smooth_basalt":6,"minecraft:gravel":83,"minecraft:polished_diorite":9,"minecraft:stone_axe":1,"minecraft:short_grass":2,"minecraft:gray_wool":7,"minecraft:warped_roots":13,"minecraft:brown_banner":2,"minecraft:melon_seeds":11,"minecraft:warped_nylium":4,"minecraft:ender_pearl":35,"minecraft:shulker_shell":7,"minecraft:wheat":61,"minecraft:nether_brick_fence":5,"minecraft:potion":4,"minecraft:nether_brick":15,"minecraft:gilded_blackstone":2,"minecraft:raw_copper":18,"minecraft:iron_leggings":5,"minecraft:armor_stand":2,"minecraft:bucket":4,"minecraft:calcite":15,"minecraft:ender_eye":3,"minecraft:iron_pickaxe":3,"minecraft:iron_boots":2,"minecraft:furnace":11,"minecraft:stick":60,"minecraft:acacia_fence":5,"minecraft:torch":124,"minecraft:porkchop":161,"minecraft:pointed_dripstone":1,"minecraft:diorite":345,"minecraft:rotten_flesh":86,"minecraft:obsidian":10,"minecraft:cod":1,"minecraft:cobblestone":592,"minecraft:enchanting_table":1,"minecraft:pink_petals":764,"minecraft:magma_cream":8,"minecraft:cherry_planks":7,"minecraft:andesite":17,"minecraft:orange_carpet":2,"minecraft:mud_brick_stairs":4,"minecraft:potato":154,"minecraft:tuff":1,"minecraft:acacia_boat":3,"minecraft:dirt":1448,"minecraft:lapis_lazuli":420,"minecraft:bone":70,"minecraft:acacia_planks":124,"minecraft:bow":4,"minecraft:wheat_seeds":287,"minecraft:raw_gold":132,"minecraft:fletching_table":3,"minecraft:oak_planks":22,"minecraft:cooked_porkchop":47,"minecraft:poisonous_potato":1,"minecraft:sand":121,"minecraft:grass_block":2,"minecraft:spectral_arrow":40,"minecraft:light_gray_terracotta":5,"minecraft:diamond":99,"minecraft:cracked_polished_blackstone_bricks":31,"minecraft:crossbow":4,"minecraft:bone_meal":1,"minecraft:golden_apple":2,"minecraft:oak_sapling":13,"minecraft:chorus_fruit":78,"minecraft:netherrack":1833,"minecraft:end_stone_bricks":14,"minecraft:splash_potion":3,"minecraft:chicken":11,"minecraft:ladder":4,"minecraft:wooden_pickaxe":1,"minecraft:gold_block":24,"minecraft:chain":2,"minecraft:shield":4,"minecraft:oak_trapdoor":1,"minecraft:moss_carpet":1,"minecraft:iron_axe":4,"minecraft:blackstone":133,"minecraft:light_gray_wool":9,"minecraft:lectern":62,"minecraft:sugar_cane":120,"minecraft:raw_iron":424,"minecraft:end_stone":150,"minecraft:copper_ingot":1,"minecraft:polished_blackstone_bricks":44,"minecraft:weeping_vines":4,"minecraft:arrow":111,"minecraft:nether_bricks":69,"minecraft:saddle":1,"minecraft:basalt":48,"minecraft:golden_carrot":52,"minecraft:crimson_stem":16,"minecraft:salmon":1,"minecraft:leather":76,"minecraft:crimson_fungus":2,"minecraft:yellow_glazed_terracotta":3,"minecraft:nether_wart_block":25,"minecraft:gunpowder":9,"minecraft:orange_terracotta":16,"minecraft:cooked_mutton":27,"minecraft:heart_of_the_sea":1,"minecraft:iron_ingot":18,"minecraft:cooked_chicken":1,"minecraft:soul_sand":68,"minecraft:acacia_sapling":16,"minecraft:book":14,"minecraft:oak_slab":5,"minecraft:warped_fungus":2,"minecraft:birch_boat":6,"minecraft:stone_brick_slab":5,"minecraft:quartz":267,"minecraft:dandelion":1,"minecraft:dripstone_block":2,"minecraft:blast_furnace":2,"minecraft:white_bed":13,"minecraft:spider_eye":5,"minecraft:polished_diorite_stairs":6,"minecraft:iron_helmet":5,"minecraft:cherry_sapling":44,"minecraft:damaged_anvil":3,"minecraft:acacia_slab":2,"minecraft:black_wool":1,"minecraft:coal":650},"minecraft:mined":{"minecraft:white_bed":10,"minecraft:cherry_log":156,"minecraft:obsidian":3,"minecraft:acacia_log":279,"minecraft:purpur_slab":1,"minecraft:crimson_fungus":2,"minecraft:nether_wart":20,"minecraft:spawner":2,"minecraft:polished_blackstone_bricks":58,"minecraft:weeping_vines_plant":7,"minecraft:fire":32,"minecraft:cobbled_deepslate":5,"minecraft:deepslate_lapis_ore":23,"minecraft:fletching_table":3,"minecraft:enchanting_table":1,"minecraft:cave_vines":1,"minecraft:dirt_path":27,"minecraft:orange_bed":3,"minecraft:red_bed":7,"minecraft:smoker":6,"minecraft:crimson_nylium":125,"minecraft:soul_fire":2,"minecraft:torch":8,"minecraft:blast_furnace":2,"minecraft:mud_brick_stairs":4,"minecraft:melon":31,"minecraft:glass":6,"minecraft:sugar_cane":68,"minecraft:damaged_anvil":2,"minecraft:amethyst_block":2,"minecraft:cherry_slab":139,"minecraft:polished_diorite_stairs":6,"minecraft:white_terracotta":12,"minecraft:chain":2,"minecraft:wheat":83,"minecraft:birch_door":4,"minecraft:warped_fungus":1,"minecraft:yellow_glazed_terracotta":3,"minecraft:smooth_basalt":6,"minecraft:red_mushroom_block":1,"minecraft:stonecutter":1,"minecraft:deepslate":30,"minecraft:yellow_terracotta":58,"minecraft:end_stone":150,"minecraft:nether_bricks":75,"minecraft:crimson_roots":40,"minecraft:moss_block":3,"minecraft:acacia_wood":21,"minecraft:andesite":23,"minecraft:potatoes":45,"minecraft:rail":14,"minecraft:warped_stem":10,"minecraft:bone_block":5,"minecraft:white_wool":22,"minecraft:oak_slab":5,"minecraft:glass_pane":29,"minecraft:cherry_planks":1,"minecraft:stone_brick_slab":5,"minecraft:dandelion":2,"minecraft:short_grass":673,"minecraft:warped_roots":8,"minecraft:purpur_pillar":3,"minecraft:copper_ore":6,"minecraft:tall_grass":34,"minecraft:deepslate_gold_ore":52,"minecraft:diorite":350,"minecraft:orange_carpet":2,"minecraft:warped_wart_block":5,"minecraft:white_carpet":2,"minecraft:birch_leaves":13,"minecraft:acacia_door":9,"minecraft:gravel":46,"minecraft:dripstone_block":1,"minecraft:cobweb":3,"minecraft:acacia_planks":38,"minecraft:stone_bricks":115,"minecraft:gold_ore":16,"minecraft:attached_melon_stem":4,"minecraft:cave_vines_plant":1,"minecraft:grass_block":644,"minecraft:cracked_polished_blackstone_bricks":33,"minecraft:soul_soil":1,"minecraft:polished_diorite":9,"minecraft:mud_bricks":29,"minecraft:composter":4,"minecraft:gilded_blackstone":1,"minecraft:glowstone":37,"minecraft:iron_ore":137,"minecraft:end_stone_bricks":14,"minecraft:deepslate_redstone_ore":5,"minecraft:cyan_terracotta":20,"minecraft:blackstone":17,"minecraft:melon_stem":3,"minecraft:twisting_vines_plant":1,"minecraft:orange_terracotta":16,"minecraft:clay":1,"minecraft:light_gray_terracotta":5,"minecraft:calcite":15,"minecraft:chest":4,"minecraft:nether_quartz_ore":185,"minecraft:cobblestone":42,"minecraft:oak_planks":3,"minecraft:wall_torch":14,"minecraft:pink_petals":206,"minecraft:warped_nylium":4,"minecraft:light_gray_glazed_terracotta":7,"minecraft:nether_wart_block":18,"minecraft:birch_log":38,"minecraft:brown_wall_banner":2,"minecraft:light_gray_wool":4,"minecraft:purpur_block":4,"minecraft:oak_log":119,"minecraft:acacia_fence":4,"minecraft:sand":124,"minecraft:dirt":409,"minecraft:netherrack":1325,"minecraft:oak_leaves":56,"minecraft:nether_gold_ore":107,"minecraft:diamond_ore":10,"minecraft:tuff":1,"minecraft:deepslate_diamond_ore":42,"minecraft:oak_door":2,"minecraft:stripped_cherry_log":11,"minecraft:glow_lichen":1,"minecraft:weeping_vines":3,"minecraft:acacia_slab":1,"minecraft:sandstone":3,"minecraft:rooted_dirt":14,"minecraft:crimson_stem":17,"minecraft:hay_block":45,"minecraft:oak_trapdoor":1,"minecraft:furnace":12,"minecraft:carrots":258,"minecraft:nether_sprouts":2,"minecraft:acacia_stairs":26,"minecraft:gold_block":12,"minecraft:nether_brick_fence":5,"minecraft:bookshelf":4,"minecraft:shroomlight":4,"minecraft:deepslate_iron_ore":59,"minecraft:lantern":5,"minecraft:chorus_plant":11,"minecraft:stone":580,"minecraft:acacia_leaves":23,"minecraft:magenta_stained_glass":2,"minecraft:basalt":41,"minecraft:crafting_table":21,"minecraft:lectern":61,"minecraft:lapis_ore":12,"minecraft:lily_pad":1,"minecraft:gray_wool":1,"minecraft:ice":1,"minecraft:coal_ore":234,"minecraft:cherry_leaves":131,"minecraft:end_rod":4,"minecraft:cracked_stone_bricks":3},"minecraft:crafted":{"minecraft:smooth_stone":6,"minecraft:blaze_powder":18,"minecraft:birch_boat":2,"minecraft:bookshelf":7,"minecraft:cooked_mutton":55,"minecraft:quartz_block":35,"minecraft:glass":45,"minecraft:diamond_helmet":2,"minecraft:diamond_leggings":2,"minecraft:birch_door":3,"minecraft:emerald":74,"minecraft:cooked_porkchop":137,"minecraft:acacia_slab":12,"minecraft:fletching_table":3,"minecraft:lectern":1,"minecraft:wooden_hoe":1,"minecraft:iron_pickaxe":7,"minecraft:iron_block":8,"minecraft:gold_ingot":221,"minecraft:golden_carrot":166,"minecraft:stone_shovel":2,"minecraft:iron_nugget":144,"minecraft:bone_meal":174,"minecraft:lantern":14,"minecraft:ladder":24,"minecraft:stone_pickaxe":2,"minecraft:diamond_boots":2,"minecraft:crossbow":1,"minecraft:enchanting_table":1,"minecraft:enchanted_book":3,"minecraft:oak_fence_gate":1,"minecraft:golden_apple":3,"minecraft:wooden_axe":2,"minecraft:iron_shovel":4,"minecraft:iron_leggings":2,"minecraft:white_bed":3,"minecraft:oak_planks":404,"minecraft:cherry_slab":480,"minecraft:cooked_chicken":5,"minecraft:stone":251,"minecraft:warped_planks":40,"minecraft:stone_brick_slab":8,"minecraft:bow":1,"minecraft:iron_boots":3,"minecraft:chest":12,"minecraft:ender_eye":17,"minecraft:oak_fence":39,"minecraft:golden_boots":3,"minecraft:smoker":4,"minecraft:oak_slab":6,"minecraft:crafting_table":13,"minecraft:wooden_pickaxe":2,"minecraft:baked_potato":40,"minecraft:iron_helmet":2,"minecraft:birch_planks":136,"minecraft:dispenser":1,"minecraft:iron_chestplate":3,"minecraft:paper":24,"minecraft:diamond_pickaxe":2,"minecraft:shield":6,"minecraft:stick":1776,"minecraft:iron_ingot":361,"minecraft:redstone_torch":1,"minecraft:polished_diorite_stairs":2,"minecraft:shears":1,"minecraft:cherry_planks":304,"minecraft:oak_door":3,"minecraft:redstone":10,"minecraft:furnace":9,"minecraft:stone_button":1,"minecraft:blast_furnace":2,"minecraft:oak_trapdoor":4,"minecraft:glass_pane":64,"minecraft:flint_and_steel":1,"minecraft:iron_axe":3,"minecraft:iron_hoe":1,"minecraft:minecart":1,"minecraft:cooked_beef":68,"minecraft:cooked_cod":1,"minecraft:crimson_planks":64,"minecraft:diamond_sword":3,"minecraft:powered_rail":6,"minecraft:iron_sword":1,"minecraft:cooked_salmon":1,"minecraft:bucket":5,"minecraft:stone_axe":3,"minecraft:acacia_boat":1,"minecraft:bread":3,"minecraft:air":0,"minecraft:oak_boat":1,"minecraft:gold_nugget":1107,"minecraft:cherry_door":3,"minecraft:stonecutter":1,"minecraft:anvil":2,"minecraft:acacia_planks":984,"minecraft:torch":480,"minecraft:lapis_lazuli":24,"minecraft:diamond_chestplate":2},"minecraft:custom":{"minecraft:interact_with_crafting_table":179,"minecraft:bell_ring":11,"minecraft:leave_game":20,"minecraft:time_since_death":246316,"minecraft:damage_blocked_by_shield":8213,"minecraft:play_time":1217613,"minecraft:deaths":13,"minecraft:jump":31930,"minecraft:enchant_item":20,"minecraft:interact_with_furnace":155,"minecraft:traded_with_villager":106,"minecraft:sleep_in_bed":40,"minecraft:damage_dealt":126691,"minecraft:interact_with_smoker":137,"minecraft:use_cauldron":9,"minecraft:inspect_dispenser":2,"minecraft:interact_with_anvil":32,"minecraft:inspect_hopper":1,"minecraft:sneak_time":115864,"minecraft:interact_with_blast_furnace":93,"minecraft:total_world_time":1217613,"minecraft:interact_with_stonecutter":12,"minecraft:time_since_rest":152808,"minecraft:swim_one_cm":199336,"minecraft:fly_one_cm":6273276,"minecraft:open_chest":898,"minecraft:fall_one_cm":829280,"minecraft:animals_bred":6,"minecraft:sprint_one_cm":2494646,"minecraft:drop":278,"minecraft:talked_to_villager":112,"minecraft:walk_on_water_one_cm":100567,"minecraft:open_enderchest":2,"minecraft:crouch_one_cm":331259,"minecraft:mob_kills":809,"minecraft:climb_one_cm":17574,"minecraft:walk_one_cm":2431175,"minecraft:raid_win":2,"minecraft:walk_under_water_one_cm":98464,"minecraft:boat_one_cm":1589683,"minecraft:damage_taken":21999,"minecraft:damage_absorbed":122},"minecraft:used":{"minecraft:nether_brick_fence":1,"minecraft:dispenser":1,"minecraft:ladder":2,"minecraft:poppy":1,"minecraft:chest":15,"minecraft:stone":4,"minecraft:rotten_flesh":2,"minecraft:acacia_sapling":11,"minecraft:lava_bucket":19,"minecraft:grass_block":1,"minecraft:cherry_leaves":60,"minecraft:bow":98,"minecraft:oak_sapling":11,"minecraft:furnace":12,"minecraft:acacia_fence":4,"minecraft:egg":2,"minecraft:potato":68,"minecraft:diorite":16,"minecraft:damaged_anvil":2,"minecraft:end_stone_bricks":5,"minecraft:chorus_fruit":16,"minecraft:powered_rail":2,"minecraft:blackstone":21,"minecraft:wooden_pickaxe":56,"minecraft:composter":4,"minecraft:purpur_pillar":3,"minecraft:golden_apple":3,"minecraft:sand":6,"minecraft:blast_furnace":4,"minecraft:stone_button":1,"minecraft:lectern":61,"minecraft:nether_wart_block":4,"minecraft:diamond_sword":1428,"minecraft:fire_charge":5,"minecraft:oak_boat":1,"minecraft:oak_trapdoor":3,"minecraft:enchanting_table":2,"minecraft:acacia_log":13,"minecraft:armor_stand":2,"minecraft:netherrack":720,"minecraft:orange_bed":3,"minecraft:torch":390,"minecraft:warped_wart_block":5,"minecraft:anvil":2,"minecraft:oak_fence_gate":1,"minecraft:polished_diorite":232,"minecraft:shroomlight":2,"minecraft:iron_axe":1206,"minecraft:cherry_slab":644,"minecraft:rooted_dirt":7,"minecraft:diamond_chestplate":5,"minecraft:basalt":24,"minecraft:beef":6,"minecraft:acacia_wood":1,"minecraft:cobbled_deepslate":20,"minecraft:acacia_planks":142,"minecraft:cherry_log":79,"minecraft:orange_terracotta":16,"minecraft:wheat_seeds":137,"minecraft:water_bucket":457,"minecraft:birch_planks":9,"minecraft:cherry_planks":5,"minecraft:fletching_table":6,"minecraft:polished_blackstone_bricks":44,"minecraft:rail":2,"minecraft:oak_slab":2,"minecraft:crafting_table":30,"minecraft:red_bed":7,"minecraft:white_bed":11,"minecraft:ender_eye":19,"minecraft:diamond_pickaxe":2648,"minecraft:iron_pickaxe":1347,"minecraft:cobblestone":236,"minecraft:potion":1,"minecraft:acacia_pressure_plate":2,"minecraft:cooked_porkchop":94,"minecraft:porkchop":7,"minecraft:glass_pane":63,"minecraft:diamond_leggings":4,"minecraft:cherry_sapling":2,"minecraft:iron_shovel":1434,"minecraft:shield":237,"minecraft:iron_sword":214,"minecraft:iron_chestplate":4,"minecraft:mutton":7,"minecraft:nether_bricks":30,"minecraft:carrot":363,"minecraft:tuff":1,"minecraft:glass":16,"minecraft:cyan_terracotta":8,"minecraft:lantern":19,"minecraft:iron_helmet":4,"minecraft:stone_bricks":292,"minecraft:polished_diorite_stairs":39,"minecraft:golden_boots":4,"minecraft:diamond_boots":5,"minecraft:stone_pickaxe":232,"minecraft:oak_planks":22,"minecraft:ender_pearl":20,"minecraft:sandstone":3,"minecraft:sugar_cane":18,"minecraft:white_wool":33,"minecraft:yellow_terracotta":44,"minecraft:crossbow":31,"minecraft:end_stone":128,"minecraft:shears":70,"minecraft:redstone_torch":1,"minecraft:acacia_door":5,"minecraft:bread":44,"minecraft:melon_slice":3,"minecraft:gravel":22,"minecraft:andesite":3,"minecraft:bone_meal":114,"minecraft:oak_fence":37,"minecraft:purpur_block":3,"minecraft:flint_and_steel":36,"minecraft:stone_shovel":264,"minecraft:cooked_chicken":3,"minecraft:oak_door":2,"minecraft:dirt":676,"minecraft:diamond_helmet":3,"minecraft:birch_door":4,"minecraft:iron_hoe":60,"minecraft:stone_brick_slab":7,"minecraft:wooden_axe":48,"minecraft:bookshelf":6,"minecraft:acacia_slab":14,"minecraft:iron_boots":3,"minecraft:crimson_planks":39,"minecraft:light_gray_wool":6,"minecraft:golden_carrot":100,"minecraft:soul_soil":8,"minecraft:cooked_beef":11,"minecraft:iron_leggings":3,"minecraft:cooked_mutton":43,"minecraft:acacia_boat":3,"minecraft:baked_potato":12,"minecraft:birch_boat":7,"minecraft:stonecutter":2,"minecraft:brown_banner":1,"minecraft:smoker":8,"minecraft:warped_planks":18,"minecraft:wooden_hoe":70,"minecraft:acacia_stairs":23,"minecraft:cherry_door":2,"minecraft:cracked_polished_blackstone_bricks":24,"minecraft:stone_axe":209,"minecraft:pink_petals":2,"minecraft:bucket":481,"minecraft:gray_wool":2,"minecraft:splash_potion":1},"minecraft:killed_by":{"minecraft:piglin_brute":1,"minecraft:magma_cube":3,"minecraft:zombie":1,"minecraft:piglin":1,"minecraft:enderman":1},"minecraft:broken":{"minecraft:shield":1,"minecraft:iron_axe":3,"minecraft:iron_pickaxe":3,"minecraft:wooden_hoe":1,"minecraft:iron_shovel":3,"minecraft:stone_axe":1,"minecraft:wooden_axe":1,"minecraft:stone_shovel":2},"minecraft:dropped":{"minecraft:iron_sword":1,"minecraft:short_grass":1,"minecraft:porkchop":5,"minecraft:glass_bottle":1,"minecraft:cooked_porkchop":23,"minecraft:weeping_vines":4,"minecraft:gold_block":12,"minecraft:dirt":1,"minecraft:sand":5,"minecraft:iron_pickaxe":2,"minecraft:bone":8,"minecraft:cobbled_deepslate":1,"minecraft:nether_brick":6,"minecraft:rotten_flesh":62,"minecraft:oak_planks":1,"minecraft:white_bed":2,"minecraft:crimson_planks":1,"minecraft:golden_boots":1,"minecraft:iron_ingot":7,"minecraft:wheat_seeds":18,"minecraft:iron_helmet":1,"minecraft:coal":12,"minecraft:golden_apple":2,"minecraft:gray_wool":1,"minecraft:golden_carrot":22,"minecraft:diamond_helmet":3,"minecraft:potion":1,"minecraft:string":12,"minecraft:lily_pad":1,"minecraft:spider_eye":4,"minecraft:soul_sand":18,"minecraft:ender_pearl":1,"minecraft:netherite_upgrade_smithing_template":2,"minecraft:leather":2,"minecraft:mutton":1,"minecraft:crimson_roots":9,"minecraft:gold_ingot":98,"minecraft:gravel":27,"minecraft:crimson_fungus":1,"minecraft:blackstone":9,"minecraft:cooked_mutton":10,"minecraft:poppy":6,"minecraft:gunpowder":8,"minecraft:chest":1,"minecraft:arrow":7,"minecraft:quartz":15,"minecraft:netherrack":1,"minecraft:bread":60,"minecraft:golden_helmet":2,"minecraft:copper_ingot":1,"minecraft:iron_block":6,"minecraft:torch":130,"minecraft:nether_wart_block":8,"minecraft:iron_leggings":1,"minecraft:pink_petals":34,"minecraft:bucket":1,"minecraft:dandelion":1,"minecraft:kelp":2,"minecraft:raw_iron":4,"minecraft:tall_grass":2,"minecraft:iron_hoe":1,"minecraft:ender_eye":1,"minecraft:filled_map":2,"minecraft:diamond_chestplate":3,"minecraft:andesite":1,"minecraft:oak_sapling":2,"minecraft:diamond_boots":1,"minecraft:magma_cream":8}},"DataVersion":3700}