{"stats":{"minecraft:picked_up":{"minecraft:iron_chestplate":3,"minecraft:crafting_table":3,"minecraft:wheat":18,"minecraft:wooden_pickaxe":3,"minecraft:potion":2,"minecraft:iron_leggings":3,"minecraft:wooden_sword":2,"minecraft:cobbled_deepslate":2,"minecraft:lectern":1,"minecraft:iron_boots":3,"minecraft:furnace":1,"minecraft:raw_iron":57,"minecraft:stick":7,"minecraft:oak_door":1,"minecraft:copper_ingot":1,"minecraft:torch":50,"minecraft:acacia_log":186,"minecraft:porkchop":15,"minecraft:diorite":17,"minecraft:arrow":22,"minecraft:rotten_flesh":16,"minecraft:hay_block":21,"minecraft:mutton":12,"minecraft:cobblestone":68,"minecraft:white_wool":10,"minecraft:birch_log":3,"minecraft:magma_block":3,"minecraft:feather":2,"minecraft:smoker":2,"minecraft:filled_map":2,"minecraft:oak_log":32,"minecraft:dirt":1,"minecraft:cooked_mutton":18,"minecraft:bone":16,"minecraft:kelp":2,"minecraft:bow":1,"minecraft:wheat_seeds":248,"minecraft:iron_ingot":2,"minecraft:stone_pickaxe":7,"minecraft:acacia_sapling":5,"minecraft:oak_planks":1,"minecraft:book":12,"minecraft:cooked_porkchop":19,"minecraft:birch_boat":11,"minecraft:sand":13,"minecraft:white_bed":9,"minecraft:iron_helmet":3,"minecraft:granite":2,"minecraft:bone_meal":6,"minecraft:gray_wool":2,"minecraft:melon_seeds":16,"minecraft:coal":60},"minecraft:killed":{"minecraft:skeleton":6,"minecraft:drowned":2,"minecraft:pig":7,"minecraft:sheep":7,"minecraft:zombie":5},"minecraft:mined":{"minecraft:white_bed":7,"minecraft:farmland":1,"minecraft:granite":2,"minecraft:acacia_log":203,"minecraft:hay_block":21,"minecraft:magma_block":1,"minecraft:iron_ore":29,"minecraft:bookshelf":4,"minecraft:deepslate_iron_ore":20,"minecraft:stone":44,"minecraft:white_wool":4,"minecraft:acacia_leaves":7,"minecraft:glass_pane":6,"minecraft:melon_stem":19,"minecraft:crafting_table":3,"minecraft:torch":7,"minecraft:short_grass":38,"minecraft:lectern":1,"minecraft:cobblestone":10,"minecraft:tall_grass":3,"minecraft:oak_planks":1,"minecraft:diorite":13,"minecraft:wall_torch":4,"minecraft:birch_log":2,"minecraft:wheat":217,"minecraft:birch_leaves":1,"minecraft:oak_log":33,"minecraft:coal_ore":61,"minecraft:sand":2,"minecraft:deepslate":2},"minecraft:used":{"minecraft:chest":2,"minecraft:cooked_salmon":1,"minecraft:iron_chestplate":3,"minecraft:oak_door":1,"minecraft:torch":9,"minecraft:dirt":1,"minecraft:mutton":7,"minecraft:acacia_sapling":5,"minecraft:birch_door":3,"minecraft:wooden_axe":93,"minecraft:iron_axe":3,"minecraft:iron_helmet":4,"minecraft:iron_boots":4,"minecraft:magma_block":1,"minecraft:furnace":1,"minecraft:cobbled_deepslate":2,"minecraft:iron_leggings":2,"minecraft:cooked_mutton":4,"minecraft:diorite":16,"minecraft:stone_pickaxe":153,"minecraft:oak_planks":18,"minecraft:birch_boat":10,"minecraft:wooden_pickaxe":54,"minecraft:white_wool":4,"minecraft:sand":8,"minecraft:crafting_table":2,"minecraft:white_bed":8,"minecraft:lectern":1,"minecraft:stone_axe":204,"minecraft:wooden_sword":59,"minecraft:cobblestone":30,"minecraft:porkchop":10,"minecraft:cooked_porkchop":6},"minecraft:custom":{"minecraft:mob_kills":28,"minecraft:interact_with_crafting_table":37,"minecraft:leave_game":15,"minecraft:time_since_death":5431,"minecraft:sprint_one_cm":388898,"minecraft:walk_one_cm":339390,"minecraft:drop":29,"minecraft:talked_to_villager":37,"minecraft:play_time":224714,"minecraft:deaths":8,"minecraft:sneak_time":2864,"minecraft:walk_under_water_one_cm":36542,"minecraft:boat_one_cm":942904,"minecraft:jump":3249,"minecraft:walk_on_water_one_cm":51376,"minecraft:total_world_time":224714,"minecraft:interact_with_furnace":18,"minecraft:traded_with_villager":68,"minecraft:sleep_in_bed":10,"minecraft:time_since_rest":5451,"minecraft:damage_taken":2758,"minecraft:damage_dealt":4737,"minecraft:swim_one_cm":167554,"minecraft:fly_one_cm":768763,"minecraft:open_chest":63,"minecraft:crouch_one_cm":5839,"minecraft:interact_with_smoker":2,"minecraft:fall_one_cm":88362},"minecraft:crafted":{"minecraft:wooden_sword":1,"minecraft:oak_planks":128,"minecraft:cobblestone_slab":6,"minecraft:furnace":1,"minecraft:bone_meal":27,"minecraft:iron_boots":1,"minecraft:bow":1,"minecraft:iron_axe":5,"minecraft:stone_pickaxe":3,"minecraft:chest":2,"minecraft:birch_door":3,"minecraft:wheat":594,"minecraft:arrow":272,"minecraft:emerald":40,"minecraft:crafting_table":1,"minecraft:wooden_pickaxe":2,"minecraft:iron_helmet":1,"minecraft:iron_sword":3,"minecraft:stone_axe":3,"minecraft:enchanted_book":2,"minecraft:bread":204,"minecraft:air":0,"minecraft:iron_chestplate":1,"minecraft:stick":1504,"minecraft:iron_ingot":49,"minecraft:wooden_axe":1,"minecraft:iron_leggings":1,"minecraft:white_bed":1,"minecraft:acacia_planks":744,"minecraft:torch":4},"minecraft:killed_by":{"minecraft:creeper":1,"minecraft:enderman":1,"minecraft:skeleton":1},"minecraft:dropped":{"minecraft:porkchop":2,"minecraft:golden_helmet":1,"minecraft:copper_ingot":1,"minecraft:coal":22,"minecraft:gray_wool":2,"minecraft:torch":5,"minecraft:potion":1,"minecraft:sand":5,"minecraft:birch_log":1,"minecraft:kelp":2,"minecraft:rotten_flesh":12,"minecraft:oak_planks":16,"minecraft:smoker":1,"minecraft:filled_map":2,"minecraft:bow":1,"minecraft:magma_block":1},"minecraft:broken":{"minecraft:wooden_sword":1,"minecraft:stone_axe":1,"minecraft:wooden_axe":2}},"DataVersion":3700}