{"stats":{"minecraft:broken":{"minecraft:wooden_sword":1,"minecraft:stone_axe":1,"minecraft:wooden_axe":2},"minecraft:custom":{"minecraft:mob_kills":29,"minecraft:interact_with_crafting_table":37,"minecraft:leave_game":17,"minecraft:time_since_death":13597,"minecraft:sprint_one_cm":412287,"minecraft:walk_one_cm":357022,"minecraft:drop":34,"minecraft:talked_to_villager":45,"minecraft:play_time":232880,"minecraft:deaths":8,"minecraft:sneak_time":2877,"minecraft:walk_under_water_one_cm":36653,"minecraft:boat_one_cm":942904,"minecraft:jump":3400,"minecraft:walk_on_water_one_cm":54204,"minecraft:total_world_time":232880,"minecraft:interact_with_furnace":18,"minecraft:traded_with_villager":81,"minecraft:sleep_in_bed":11,"minecraft:time_since_rest":6028,"minecraft:damage_taken":2882,"minecraft:damage_dealt":4953,"minecraft:swim_one_cm":168932,"minecraft:fly_one_cm":807369,"minecraft:open_chest":66,"minecraft:crouch_one_cm":5850,"minecraft:interact_with_smoker":2,"minecraft:fall_one_cm":91506},"minecraft:mined":{"minecraft:white_bed":7,"minecraft:farmland":1,"minecraft:granite":2,"minecraft:acacia_log":203,"minecraft:grass_block":2,"minecraft:hay_block":21,"minecraft:magma_block":1,"minecraft:iron_ore":29,"minecraft:bookshelf":4,"minecraft:deepslate_iron_ore":20,"minecraft:stone":44,"minecraft:white_wool":4,"minecraft:acacia_leaves":7,"minecraft:glass_pane":7,"minecraft:melon_stem":19,"minecraft:crafting_table":3,"minecraft:torch":7,"minecraft:short_grass":40,"minecraft:lectern":1,"minecraft:cobblestone":10,"minecraft:tall_grass":3,"minecraft:oak_planks":1,"minecraft:diorite":13,"minecraft:wall_torch":4,"minecraft:birch_log":2,"minecraft:wheat":217,"minecraft:birch_leaves":1,"minecraft:oak_log":33,"minecraft:coal_ore":61,"minecraft:sand":2,"minecraft:dirt":1,"minecraft:deepslate":2},"minecraft:picked_up":{"minecraft:crafting_table":3,"minecraft:iron_chestplate":3,"minecraft:wheat":18,"minecraft:wooden_pickaxe":3,"minecraft:potion":2,"minecraft:iron_leggings":3,"minecraft:wooden_sword":2,"minecraft:cobbled_deepslate":2,"minecraft:lectern":1,"minecraft:iron_boots":3,"minecraft:furnace":1,"minecraft:raw_iron":57,"minecraft:stick":7,"minecraft:oak_door":1,"minecraft:copper_ingot":1,"minecraft:torch":51,"minecraft:acacia_log":186,"minecraft:porkchop":15,"minecraft:diorite":17,"minecraft:arrow":23,"minecraft:rotten_flesh":20,"minecraft:hay_block":21,"minecraft:mutton":12,"minecraft:cobblestone":68,"minecraft:white_wool":10,"minecraft:birch_log":3,"minecraft:magma_block":3,"minecraft:feather":2,"minecraft:salmon":1,"minecraft:smoker":2,"minecraft:filled_map":2,"minecraft:oak_log":32,"minecraft:dirt":2,"minecraft:cooked_mutton":18,"minecraft:bone":16,"minecraft:kelp":2,"minecraft:bow":1,"minecraft:wheat_seeds":249,"minecraft:iron_ingot":2,"minecraft:stone_pickaxe":7,"minecraft:tall_grass":2,"minecraft:oak_planks":1,"minecraft:acacia_sapling":5,"minecraft:book":12,"minecraft:cooked_porkchop":19,"minecraft:birch_boat":11,"minecraft:sand":13,"minecraft:white_bed":9,"minecraft:short_grass":1,"minecraft:iron_helmet":3,"minecraft:granite":2,"minecraft:bone_meal":6,"minecraft:gray_wool":2,"minecraft:oak_sapling":1,"minecraft:melon_seeds":16,"minecraft:coal":60},"minecraft:killed":{"minecraft:skeleton":6,"minecraft:drowned":2,"minecraft:pig":7,"minecraft:salmon":1,"minecraft:sheep":7,"minecraft:zombie":5},"minecraft:dropped":{"minecraft:porkchop":2,"minecraft:golden_helmet":1,"minecraft:copper_ingot":1,"minecraft:coal":22,"minecraft:gray_wool":2,"minecraft:torch":5,"minecraft:potion":1,"minecraft:sand":5,"minecraft:birch_log":1,"minecraft:end_crystal":64,"minecraft:kelp":2,"minecraft:rotten_flesh":16,"minecraft:oak_planks":16,"minecraft:smoker":1,"minecraft:filled_map":2,"minecraft:bow":1,"minecraft:magma_block":1},"minecraft:crafted":{"minecraft:wooden_sword":1,"minecraft:oak_planks":128,"minecraft:cobblestone_slab":6,"minecraft:furnace":1,"minecraft:bone_meal":27,"minecraft:iron_boots":1,"minecraft:bow":1,"minecraft:iron_axe":17,"minecraft:stone_pickaxe":3,"minecraft:chest":2,"minecraft:birch_door":3,"minecraft:wheat":594,"minecraft:arrow":272,"minecraft:emerald":40,"minecraft:crafting_table":1,"minecraft:wooden_pickaxe":2,"minecraft:iron_helmet":1,"minecraft:iron_sword":4,"minecraft:stone_axe":3,"minecraft:enchanted_book":2,"minecraft:bread":204,"minecraft:air":0,"minecraft:iron_chestplate":1,"minecraft:stick":1504,"minecraft:iron_ingot":49,"minecraft:wooden_axe":1,"minecraft:iron_leggings":1,"minecraft:white_bed":1,"minecraft:acacia_planks":744,"minecraft:torch":4},"minecraft:used":{"minecraft:chest":2,"minecraft:cooked_salmon":1,"minecraft:iron_chestplate":3,"minecraft:oak_door":1,"minecraft:torch":9,"minecraft:dirt":2,"minecraft:mutton":7,"minecraft:acacia_sapling":5,"minecraft:birch_door":3,"minecraft:wooden_axe":93,"minecraft:iron_axe":3,"minecraft:iron_helmet":4,"minecraft:iron_boots":4,"minecraft:magma_block":1,"minecraft:tall_grass":2,"minecraft:oak_sapling":1,"minecraft:furnace":1,"minecraft:cobbled_deepslate":2,"minecraft:iron_leggings":2,"minecraft:short_grass":1,"minecraft:cooked_mutton":4,"minecraft:diorite":16,"minecraft:stone_pickaxe":153,"minecraft:oak_planks":18,"minecraft:birch_boat":10,"minecraft:wooden_pickaxe":54,"minecraft:salmon":1,"minecraft:white_wool":4,"minecraft:sand":8,"minecraft:crafting_table":2,"minecraft:white_bed":8,"minecraft:lectern":1,"minecraft:stone_axe":204,"minecraft:wooden_sword":59,"minecraft:cobblestone":30,"minecraft:porkchop":10,"minecraft:cooked_porkchop":6},"minecraft:killed_by":{"minecraft:creeper":1,"minecraft:enderman":1,"minecraft:skeleton":1}},"DataVersion":3700}