{"stats":{"minecraft:dropped":{"minecraft:porkchop":2,"minecraft:dirt":1,"minecraft:sand":5,"minecraft:iron_pickaxe":1,"minecraft:acacia_door":1,"minecraft:birch_log":1,"minecraft:end_crystal":64,"minecraft:bone":2,"minecraft:rotten_flesh":30,"minecraft:oak_planks":16,"minecraft:carrot":8,"minecraft:poppy":2,"minecraft:gunpowder":1,"minecraft:lectern":3,"minecraft:wheat_seeds":9,"minecraft:golden_helmet":1,"minecraft:iron_helmet":1,"minecraft:copper_ingot":1,"minecraft:coal":22,"minecraft:stick":2,"minecraft:gray_wool":2,"minecraft:torch":5,"minecraft:potion":1,"minecraft:iron_leggings":1,"minecraft:heart_of_the_sea":1,"minecraft:bucket":1,"minecraft:kelp":2,"minecraft:smoker":1,"minecraft:filled_map":2,"minecraft:bow":1,"minecraft:magma_block":1},"minecraft:broken":{"minecraft:stone_pickaxe":1,"minecraft:wooden_sword":1,"minecraft:stone_axe":2,"minecraft:wooden_axe":2,"minecraft:iron_axe":3,"minecraft:iron_pickaxe":1},"minecraft:killed":{"minecraft:spider":5,"minecraft:skeleton":21,"minecraft:pig":11,"minecraft:salmon":1,"minecraft:creeper":23,"minecraft:sheep":8,"minecraft:pillager":11,"minecraft:zombie":38,"minecraft:vindicator":2,"minecraft:drowned":3},"minecraft:crafted":{"minecraft:oak_planks":224,"minecraft:cobblestone_slab":12,"minecraft:cherry_pressure_plate":4,"minecraft:cooked_chicken":3,"minecraft:cooked_mutton":1,"minecraft:hopper":5,"minecraft:iron_boots":1,"minecraft:bow":1,"minecraft:chest":17,"minecraft:birch_door":3,"minecraft:oak_slab":6,"minecraft:arrow":288,"minecraft:emerald":41,"minecraft:cauldron":3,"minecraft:crafting_table":3,"minecraft:acacia_slab":6,"minecraft:wooden_pickaxe":2,"minecraft:iron_helmet":1,"minecraft:cherry_button":2,"minecraft:apple":4,"minecraft:iron_chestplate":1,"minecraft:stick":1656,"minecraft:iron_ingot":81,"minecraft:iron_pickaxe":1,"minecraft:cherry_planks":8,"minecraft:wooden_sword":1,"minecraft:cobbled_deepslate_slab":6,"minecraft:fishing_rod":2,"minecraft:furnace":2,"minecraft:bone_meal":27,"minecraft:oak_trapdoor":4,"minecraft:iron_axe":17,"minecraft:ladder":24,"minecraft:stone_pickaxe":3,"minecraft:wheat":594,"minecraft:iron_sword":4,"minecraft:acacia_trapdoor":60,"minecraft:blue_bed":1,"minecraft:bucket":5,"minecraft:stone_axe":3,"minecraft:enchanted_book":3,"minecraft:bread":205,"minecraft:air":0,"minecraft:blue_dye":1,"minecraft:wooden_axe":1,"minecraft:iron_shovel":2,"minecraft:iron_leggings":1,"minecraft:white_bed":1,"minecraft:acacia_planks":2116,"minecraft:torch":4},"minecraft:used":{"minecraft:iron_shovel":24,"minecraft:poppy":1,"minecraft:ladder":26,"minecraft:chest":20,"minecraft:iron_sword":179,"minecraft:zombie_spawn_egg":3,"minecraft:iron_chestplate":3,"minecraft:mutton":8,"minecraft:skeleton_spawn_egg":3,"minecraft:carrot":1,"minecraft:acacia_sapling":18,"minecraft:lava_bucket":9,"minecraft:villager_spawn_egg":3,"minecraft:grass_block":2,"minecraft:iron_helmet":7,"minecraft:cherry_button":2,"minecraft:magma_block":1,"minecraft:oak_sapling":2,"minecraft:furnace":2,"minecraft:short_grass":1,"minecraft:diorite":33,"minecraft:stripped_acacia_log":1,"minecraft:stone_pickaxe":183,"minecraft:acacia_trapdoor":62,"minecraft:oak_planks":65,"minecraft:wooden_pickaxe":64,"minecraft:blue_bed":1,"minecraft:white_wool":7,"minecraft:sand":8,"minecraft:yellow_terracotta":12,"minecraft:crossbow":17,"minecraft:dripstone_block":6,"minecraft:creeper_spawn_egg":3,"minecraft:bread":24,"minecraft:melon_slice":19,"minecraft:lectern":38,"minecraft:wooden_sword":59,"minecraft:andesite":8,"minecraft:oak_trapdoor":4,"minecraft:enchanting_table":8,"minecraft:acacia_log":1,"minecraft:tropical_fish":1,"minecraft:cooked_salmon":1,"minecraft:cooked_chicken":3,"minecraft:oak_door":1,"minecraft:torch":91,"minecraft:dirt":111,"minecraft:hopper":8,"minecraft:cherry_pressure_plate":4,"minecraft:granite":8,"minecraft:birch_door":3,"minecraft:wooden_axe":93,"minecraft:bookshelf":48,"minecraft:iron_axe":470,"minecraft:acacia_slab":12,"minecraft:spawner":9,"minecraft:iron_boots":4,"minecraft:golden_carrot":22,"minecraft:tall_grass":2,"minecraft:acacia_wood":6,"minecraft:cobbled_deepslate":27,"minecraft:acacia_planks":1022,"minecraft:iron_leggings":3,"minecraft:pointed_dripstone":21,"minecraft:wheat_seeds":4,"minecraft:cooked_mutton":5,"minecraft:water_bucket":152,"minecraft:birch_planks":2,"minecraft:birch_boat":10,"minecraft:cauldron":3,"minecraft:cobblestone_slab":7,"minecraft:salmon":1,"minecraft:oak_slab":16,"minecraft:crafting_table":4,"minecraft:brown_banner":4,"minecraft:spider_eye":1,"minecraft:white_bed":8,"minecraft:cod":4,"minecraft:acacia_stairs":1,"minecraft:apple":3,"minecraft:iron_pickaxe":281,"minecraft:stone_axe":317,"minecraft:pink_petals":3,"minecraft:fishing_rod":15,"minecraft:cobblestone":162,"minecraft:cobbled_deepslate_slab":6,"minecraft:cooked_porkchop":6,"minecraft:white_banner":7,"minecraft:porkchop":18,"minecraft:bucket":162,"minecraft:glass_pane":15},"minecraft:picked_up":{"minecraft:iron_chestplate":3,"minecraft:wheat":21,"minecraft:potion":2,"minecraft:string":22,"minecraft:raw_copper":16,"minecraft:iron_leggings":10,"minecraft:cobbled_deepslate":41,"minecraft:bucket":21,"minecraft:cobblestone_slab":1,"minecraft:iron_pickaxe":12,"minecraft:melon_slice":55,"minecraft:iron_boots":3,"minecraft:furnace":1,"minecraft:stick":16,"minecraft:torch":145,"minecraft:acacia_log":529,"minecraft:porkchop":25,"minecraft:pointed_dripstone":39,"minecraft:diorite":44,"minecraft:rotten_flesh":52,"minecraft:tropical_fish":1,"minecraft:cod":4,"minecraft:cobblestone":204,"minecraft:birch_log":3,"minecraft:pink_petals":6,"minecraft:magma_block":3,"minecraft:feather":2,"minecraft:water_bucket":2,"minecraft:smoker":2,"minecraft:lapis_lazuli":199,"minecraft:dirt":111,"minecraft:bone":43,"minecraft:acacia_planks":2496,"minecraft:bow":1,"minecraft:wheat_seeds":311,"minecraft:oak_planks":46,"minecraft:cooked_porkchop":19,"minecraft:sand":13,"minecraft:acacia_stairs":7,"minecraft:stripped_acacia_log":1,"minecraft:diamond":70,"minecraft:crossbow":1,"minecraft:granite":48,"minecraft:bone_meal":6,"minecraft:bread":285,"minecraft:emerald":4,"minecraft:oak_sapling":2,"minecraft:crafting_table":4,"minecraft:ladder":2,"minecraft:wooden_pickaxe":3,"minecraft:shield":1,"minecraft:iron_axe":9,"minecraft:acacia_door":3,"minecraft:wooden_sword":2,"minecraft:poppy":3,"minecraft:lectern":15,"minecraft:chest":20,"minecraft:raw_iron":151,"minecraft:oak_door":1,"minecraft:copper_ingot":1,"minecraft:carrot":24,"minecraft:tnt":1,"minecraft:arrow":34,"minecraft:hay_block":21,"minecraft:yellow_terracotta":12,"minecraft:saddle":1,"minecraft:mutton":14,"minecraft:white_wool":19,"minecraft:golden_carrot":86,"minecraft:salmon":1,"minecraft:acacia_wood":7,"minecraft:filled_map":2,"minecraft:birch_planks":2,"minecraft:oak_log":56,"minecraft:gunpowder":11,"minecraft:paper":12,"minecraft:white_banner":7,"minecraft:cooked_mutton":18,"minecraft:apple":2,"minecraft:kelp":2,"minecraft:acacia_trapdoor":2,"minecraft:heart_of_the_sea":3,"minecraft:iron_ingot":21,"minecraft:stone_pickaxe":10,"minecraft:cooked_chicken":4,"minecraft:tall_grass":2,"minecraft:acacia_sapling":18,"minecraft:book":17,"minecraft:oak_slab":13,"minecraft:birch_boat":11,"minecraft:dripstone_block":12,"minecraft:white_bed":11,"minecraft:spider_eye":1,"minecraft:short_grass":1,"minecraft:iron_helmet":10,"minecraft:gray_wool":2,"minecraft:brown_banner":4,"minecraft:acacia_slab":12,"minecraft:melon_seeds":16,"minecraft:coal":60,"minecraft:hopper":6},"minecraft:custom":{"minecraft:interact_with_crafting_table":82,"minecraft:leave_game":23,"minecraft:time_since_death":236803,"minecraft:sprint_one_cm":1276998,"minecraft:drop":60,"minecraft:talked_to_villager":109,"minecraft:play_time":655172,"minecraft:deaths":19,"minecraft:jump":10107,"minecraft:walk_on_water_one_cm":98601,"minecraft:interact_with_furnace":27,"minecraft:traded_with_villager":85,"minecraft:sleep_in_bed":28,"minecraft:damage_dealt":20652,"minecraft:crouch_one_cm":53707,"minecraft:interact_with_smoker":8,"minecraft:use_cauldron":3,"minecraft:interact_with_anvil":1,"minecraft:mob_kills":134,"minecraft:inspect_hopper":3,"minecraft:fill_cauldron":1,"minecraft:climb_one_cm":26532,"minecraft:walk_one_cm":923139,"minecraft:raid_win":2,"minecraft:sneak_time":19190,"minecraft:walk_under_water_one_cm":128152,"minecraft:boat_one_cm":942904,"minecraft:interact_with_blast_furnace":1,"minecraft:total_world_time":655172,"minecraft:raid_trigger":2,"minecraft:time_since_rest":10507,"minecraft:damage_taken":8243,"minecraft:swim_one_cm":200478,"minecraft:fly_one_cm":2590545,"minecraft:open_chest":196,"minecraft:fish_caught":5,"minecraft:fall_one_cm":302447},"minecraft:mined":{"minecraft:white_bed":8,"minecraft:farmland":1,"minecraft:granite":29,"minecraft:acacia_log":547,"minecraft:grass_block":28,"minecraft:hopper":4,"minecraft:magma_block":1,"minecraft:iron_ore":41,"minecraft:cobbled_deepslate":5,"minecraft:deepslate_lapis_ore":6,"minecraft:pointed_dripstone":9,"minecraft:melon_stem":19,"minecraft:torch":16,"minecraft:poppy":1,"minecraft:melon":10,"minecraft:chest":8,"minecraft:cobblestone":26,"minecraft:oak_planks":3,"minecraft:wall_torch":14,"minecraft:pink_petals":1,"minecraft:acacia_sapling":1,"minecraft:birch_log":2,"minecraft:wheat":221,"minecraft:brown_wall_banner":3,"minecraft:oak_log":57,"minecraft:sand":2,"minecraft:dirt":53,"minecraft:oak_leaves":22,"minecraft:deepslate":23,"minecraft:yellow_terracotta":3,"minecraft:deepslate_diamond_ore":35,"minecraft:ladder":1,"minecraft:acacia_slab":8,"minecraft:hay_block":21,"minecraft:acacia_trapdoor":2,"minecraft:acacia_wood":6,"minecraft:andesite":8,"minecraft:bookshelf":5,"minecraft:deepslate_iron_ore":32,"minecraft:cobblestone_slab":1,"minecraft:stripped_acacia_log":1,"minecraft:stone":155,"minecraft:white_wool":4,"minecraft:oak_slab":7,"minecraft:acacia_leaves":52,"minecraft:glass_pane":9,"minecraft:crafting_table":4,"minecraft:short_grass":92,"minecraft:lectern":11,"minecraft:copper_ore":2,"minecraft:tall_grass":12,"minecraft:lapis_ore":6,"minecraft:diorite":31,"minecraft:birch_leaves":1,"minecraft:coal_ore":61,"minecraft:dripstone_block":7,"minecraft:acacia_planks":15},"minecraft:killed_by":{"minecraft:creeper":2,"minecraft:vindicator":1,"minecraft:zombie":4,"minecraft:enderman":2,"minecraft:skeleton":1}},"DataVersion":3700}