{"stats":{"minecraft:killed":{"minecraft:zombified_piglin":1,"minecraft:spider":8,"minecraft:skeleton":89,"minecraft:chicken":1,"minecraft:piglin":4,"minecraft:pig":11,"minecraft:salmon":1,"minecraft:creeper":79,"minecraft:sheep":9,"minecraft:pillager":11,"minecraft:zombie":120,"minecraft:blaze":12,"minecraft:vindicator":2,"minecraft:drowned":3,"minecraft:wandering_trader":1,"minecraft:hoglin":2,"minecraft:wither_skeleton":1,"minecraft:enderman":6},"minecraft:picked_up":{"minecraft:iron_chestplate":3,"minecraft:wheat":59,"minecraft:lead":6,"minecraft:potion":2,"minecraft:string":27,"minecraft:soul_soil":75,"minecraft:raw_copper":16,"minecraft:smooth_stone_slab":1,"minecraft:iron_leggings":18,"minecraft:armor_stand":1,"minecraft:diamond_leggings":1,"minecraft:cobbled_deepslate":41,"minecraft:bucket":23,"minecraft:cobblestone_slab":1,"minecraft:netherite_upgrade_smithing_template":1,"minecraft:iron_pickaxe":13,"minecraft:melon_slice":231,"minecraft:iron_boots":3,"minecraft:furnace":1,"minecraft:stick":68,"minecraft:torch":154,"minecraft:acacia_log":534,"minecraft:porkchop":32,"minecraft:pointed_dripstone":40,"minecraft:diorite":44,"minecraft:rotten_flesh":97,"minecraft:tropical_fish":1,"minecraft:blaze_rod":6,"minecraft:cod":4,"minecraft:cobblestone":204,"minecraft:birch_log":3,"minecraft:pink_petals":64,"minecraft:magma_block":4,"minecraft:feather":8,"minecraft:cooked_beef":116,"minecraft:cherry_leaves":8,"minecraft:water_bucket":14,"minecraft:orange_carpet":2,"minecraft:potato":1,"minecraft:smoker":2,"minecraft:acacia_boat":2,"minecraft:lapis_lazuli":238,"minecraft:dirt":180,"minecraft:lantern":5,"minecraft:bone":60,"minecraft:acacia_planks":2508,"minecraft:bow":3,"minecraft:wheat_seeds":634,"minecraft:diamond_helmet":9,"minecraft:powered_rail":1,"minecraft:oak_planks":48,"minecraft:cooked_porkchop":45,"minecraft:warped_wart_block":12,"minecraft:sand":13,"minecraft:grass_block":2,"minecraft:acacia_stairs":10,"minecraft:iron_hoe":6,"minecraft:stripped_acacia_log":1,"minecraft:diamond":70,"minecraft:cracked_polished_blackstone_bricks":6,"minecraft:crossbow":9,"minecraft:granite":48,"minecraft:bone_meal":6,"minecraft:golden_apple":2,"minecraft:bread":285,"minecraft:emerald":4,"minecraft:oak_sapling":2,"minecraft:netherrack":202,"minecraft:crimson_roots":4,"minecraft:fishing_rod":2,"minecraft:crafting_table":4,"minecraft:chicken":3,"minecraft:ladder":4,"minecraft:wooden_pickaxe":8,"minecraft:shield":1,"minecraft:red_bed":1,"minecraft:acacia_door":4,"minecraft:iron_axe":14,"minecraft:wooden_sword":2,"minecraft:white_carpet":2,"minecraft:iron_shovel":1,"minecraft:blackstone":2,"minecraft:iron_nugget":2,"minecraft:poppy":5,"minecraft:light_gray_wool":1,"minecraft:lectern":19,"minecraft:sugar_cane":67,"minecraft:chest":26,"minecraft:raw_iron":151,"minecraft:oak_door":1,"minecraft:copper_ingot":1,"minecraft:fire_charge":1,"minecraft:polished_blackstone_bricks":4,"minecraft:carrot":218,"minecraft:tnt":1,"minecraft:weeping_vines":4,"minecraft:arrow":357,"minecraft:diamond_chestplate":12,"minecraft:cooked_cod":8,"minecraft:diamond_boots":2,"minecraft:hay_block":21,"minecraft:yellow_terracotta":20,"minecraft:saddle":2,"minecraft:mutton":16,"minecraft:white_wool":34,"minecraft:rail":26,"minecraft:golden_carrot":102,"minecraft:crimson_stem":39,"minecraft:salmon":1,"minecraft:leather":29,"minecraft:acacia_wood":7,"minecraft:birch_planks":2,"minecraft:filled_map":2,"minecraft:oak_log":57,"minecraft:nether_wart_block":67,"minecraft:gunpowder":21,"minecraft:blue_bed":1,"minecraft:paper":12,"minecraft:white_banner":7,"minecraft:cooked_mutton":18,"minecraft:apple":2,"minecraft:warped_stem":2,"minecraft:kelp":2,"minecraft:acacia_trapdoor":2,"minecraft:heart_of_the_sea":4,"minecraft:iron_ingot":21,"minecraft:stone_pickaxe":10,"minecraft:cooked_chicken":4,"minecraft:tall_grass":2,"minecraft:soul_sand":21,"minecraft:acacia_sapling":18,"minecraft:iron_sword":13,"minecraft:book":19,"minecraft:oak_slab":13,"minecraft:warped_fungus":3,"minecraft:birch_boat":11,"minecraft:dripstone_block":14,"minecraft:gravel":15,"minecraft:white_bed":11,"minecraft:spider_eye":4,"minecraft:polished_diorite":1,"minecraft:short_grass":1,"minecraft:iron_helmet":15,"minecraft:cherry_sapling":5,"minecraft:gray_wool":2,"minecraft:warped_roots":2,"minecraft:acacia_slab":19,"minecraft:brown_banner":4,"minecraft:melon_seeds":20,"minecraft:coal":60,"minecraft:hopper":6,"minecraft:ender_pearl":2},"minecraft:crafted":{"minecraft:smooth_stone":3,"minecraft:oak_planks":228,"minecraft:cobblestone_slab":12,"minecraft:cherry_pressure_plate":4,"minecraft:cooked_chicken":3,"minecraft:cooked_mutton":1,"minecraft:warped_planks":8,"minecraft:hopper":5,"minecraft:bow":1,"minecraft:iron_boots":1,"minecraft:chest":20,"minecraft:birch_door":3,"minecraft:golden_boots":1,"minecraft:oak_slab":6,"minecraft:arrow":288,"minecraft:emerald":48,"minecraft:cauldron":3,"minecraft:crafting_table":5,"minecraft:acacia_slab":12,"minecraft:wooden_pickaxe":3,"minecraft:iron_helmet":1,"minecraft:cherry_button":2,"minecraft:apple":4,"minecraft:iron_chestplate":1,"minecraft:paper":42,"minecraft:shield":1,"minecraft:stick":1672,"minecraft:iron_ingot":81,"minecraft:iron_pickaxe":1,"minecraft:gold_ingot":39,"minecraft:cherry_planks":8,"minecraft:wooden_sword":1,"minecraft:cobbled_deepslate_slab":6,"minecraft:redstone":4,"minecraft:fishing_rod":2,"minecraft:smooth_stone_slab":6,"minecraft:furnace":2,"minecraft:bone_meal":33,"minecraft:oak_trapdoor":4,"minecraft:iron_axe":17,"minecraft:ladder":24,"minecraft:iron_hoe":2,"minecraft:stone_pickaxe":3,"minecraft:minecart":8,"minecraft:wheat":594,"minecraft:crimson_planks":132,"minecraft:iron_sword":4,"minecraft:acacia_trapdoor":60,"minecraft:blue_bed":1,"minecraft:bucket":5,"minecraft:glowstone":1,"minecraft:stone_axe":3,"minecraft:enchanted_book":3,"minecraft:bread":205,"minecraft:air":0,"minecraft:blue_dye":1,"minecraft:wooden_axe":2,"minecraft:iron_shovel":2,"minecraft:iron_leggings":1,"minecraft:armor_stand":2,"minecraft:white_bed":1,"minecraft:acacia_planks":2132,"minecraft:torch":4},"minecraft:mined":{"minecraft:white_bed":8,"minecraft:farmland":1,"minecraft:granite":29,"minecraft:acacia_log":552,"minecraft:grass_block":74,"minecraft:cracked_polished_blackstone_bricks":2,"minecraft:soul_soil":69,"minecraft:polished_diorite":1,"minecraft:hopper":4,"minecraft:polished_blackstone_bricks":4,"minecraft:weeping_vines_plant":3,"minecraft:magma_block":2,"minecraft:cobbled_deepslate":5,"minecraft:iron_ore":41,"minecraft:fire":4,"minecraft:deepslate_lapis_ore":6,"minecraft:pointed_dripstone":9,"minecraft:dirt_path":1,"minecraft:red_bed":1,"minecraft:blackstone":2,"minecraft:melon_stem":19,"minecraft:soul_fire":10,"minecraft:torch":17,"minecraft:poppy":2,"minecraft:melon":10,"minecraft:chest":14,"minecraft:glass":1,"minecraft:cobblestone":26,"minecraft:sugar_cane":14,"minecraft:oak_planks":6,"minecraft:wall_torch":16,"minecraft:pink_petals":6,"minecraft:acacia_sapling":1,"minecraft:nether_wart_block":69,"minecraft:birch_log":2,"minecraft:wheat":238,"minecraft:brown_wall_banner":3,"minecraft:warped_fungus":3,"minecraft:smooth_stone_slab":1,"minecraft:oak_log":59,"minecraft:sand":2,"minecraft:dirt":59,"minecraft:netherrack":75,"minecraft:oak_leaves":22,"minecraft:deepslate":23,"minecraft:yellow_terracotta":3,"minecraft:deepslate_diamond_ore":35,"minecraft:ladder":3,"minecraft:crimson_roots":2,"minecraft:weeping_vines":1,"minecraft:acacia_slab":14,"minecraft:crimson_stem":41,"minecraft:hay_block":21,"minecraft:acacia_trapdoor":2,"minecraft:acacia_wood":6,"minecraft:andesite":8,"minecraft:bookshelf":5,"minecraft:deepslate_iron_ore":32,"minecraft:cobblestone_slab":1,"minecraft:warped_stem":2,"minecraft:stripped_acacia_log":1,"minecraft:stone":155,"minecraft:white_wool":4,"minecraft:oak_slab":7,"minecraft:acacia_leaves":52,"minecraft:glass_pane":9,"minecraft:soul_sand":8,"minecraft:crafting_table":5,"minecraft:short_grass":117,"minecraft:warped_roots":1,"minecraft:lectern":14,"minecraft:copper_ore":2,"minecraft:tall_grass":15,"minecraft:lapis_ore":6,"minecraft:diorite":31,"minecraft:blue_bed":1,"minecraft:warped_wart_block":12,"minecraft:birch_leaves":1,"minecraft:bee_nest":1,"minecraft:coal_ore":61,"minecraft:dripstone_block":7,"minecraft:acacia_planks":24},"minecraft:custom":{"minecraft:animals_bred":3,"minecraft:interact_with_crafting_table":104,"minecraft:leave_game":33,"minecraft:time_since_death":10880,"minecraft:sprint_one_cm":2551265,"minecraft:damage_blocked_by_shield":785,"minecraft:drop":140,"minecraft:talked_to_villager":148,"minecraft:play_time":1220028,"minecraft:deaths":29,"minecraft:jump":20298,"minecraft:walk_on_water_one_cm":111595,"minecraft:interact_with_furnace":28,"minecraft:traded_with_villager":95,"minecraft:sleep_in_bed":47,"minecraft:damage_dealt":60029,"minecraft:crouch_one_cm":119799,"minecraft:interact_with_smoker":8,"minecraft:use_cauldron":3,"minecraft:mob_kills":373,"minecraft:interact_with_anvil":2,"minecraft:inspect_hopper":5,"minecraft:fill_cauldron":1,"minecraft:climb_one_cm":90036,"minecraft:walk_one_cm":2009808,"minecraft:raid_win":2,"minecraft:sneak_time":40241,"minecraft:walk_under_water_one_cm":129662,"minecraft:boat_one_cm":947086,"minecraft:interact_with_blast_furnace":1,"minecraft:total_world_time":1220028,"minecraft:raid_trigger":2,"minecraft:interact_with_stonecutter":2,"minecraft:time_since_rest":10900,"minecraft:damage_taken":14094,"minecraft:swim_one_cm":206906,"minecraft:fly_one_cm":5805250,"minecraft:open_chest":478,"minecraft:fish_caught":5,"minecraft:fall_one_cm":525222},"minecraft:used":{"minecraft:iron_shovel":24,"minecraft:poppy":3,"minecraft:ladder":28,"minecraft:chest":30,"minecraft:shield":16,"minecraft:stone":1,"minecraft:iron_sword":770,"minecraft:zombie_spawn_egg":3,"minecraft:rotten_flesh":9,"minecraft:iron_chestplate":3,"minecraft:stripped_crimson_stem":18,"minecraft:soul_sand":21,"minecraft:mutton":10,"minecraft:skeleton_spawn_egg":3,"minecraft:carrot":47,"minecraft:acacia_sapling":18,"minecraft:weeping_vines":1,"minecraft:obsidian":14,"minecraft:lava_bucket":9,"minecraft:villager_spawn_egg":6,"minecraft:grass_block":107,"minecraft:lantern":22,"minecraft:iron_helmet":7,"minecraft:cherry_button":2,"minecraft:cherry_leaves":8,"minecraft:crimson_roots":1,"minecraft:magma_block":1,"minecraft:warped_fungus":1,"minecraft:furnace":2,"minecraft:oak_sapling":2,"minecraft:potato":1,"minecraft:golden_boots":1,"minecraft:short_grass":1,"minecraft:diorite":35,"minecraft:stripped_acacia_log":1,"minecraft:acacia_trapdoor":62,"minecraft:stone_pickaxe":183,"minecraft:oak_planks":73,"minecraft:blackstone":2,"minecraft:wooden_pickaxe":156,"minecraft:blue_bed":2,"minecraft:white_wool":7,"minecraft:sand":8,"minecraft:yellow_terracotta":12,"minecraft:crossbow":53,"minecraft:dripstone_block":6,"minecraft:creeper_spawn_egg":3,"minecraft:bread":28,"minecraft:melon_slice":32,"minecraft:lectern":41,"minecraft:nether_wart_block":65,"minecraft:wooden_sword":59,"minecraft:andesite":8,"minecraft:smooth_stone_slab":5,"minecraft:bone_meal":6,"minecraft:oak_trapdoor":4,"minecraft:enchanting_table":8,"minecraft:acacia_log":12,"minecraft:flint_and_steel":1,"minecraft:armor_stand":3,"minecraft:tropical_fish":1,"minecraft:netherrack":167,"minecraft:cooked_salmon":1,"minecraft:cooked_chicken":3,"minecraft:oak_door":1,"minecraft:torch":94,"minecraft:dirt":261,"minecraft:warped_wart_block":11,"minecraft:white_carpet":2,"minecraft:hopper":8,"minecraft:cherry_pressure_plate":4,"minecraft:diamond_helmet":2,"minecraft:granite":20,"minecraft:polished_diorite":1,"minecraft:birch_door":3,"minecraft:iron_hoe":24,"minecraft:wooden_axe":123,"minecraft:bookshelf":48,"minecraft:iron_axe":505,"minecraft:cherry_slab":164,"minecraft:acacia_slab":26,"minecraft:spawner":9,"minecraft:iron_boots":4,"minecraft:crimson_planks":108,"minecraft:diamond_chestplate":3,"minecraft:glowstone":5,"minecraft:golden_carrot":22,"minecraft:tall_grass":2,"minecraft:soul_soil":75,"minecraft:acacia_wood":6,"minecraft:cooked_beef":34,"minecraft:acacia_planks":1034,"minecraft:cobbled_deepslate":27,"minecraft:cherry_log":180,"minecraft:iron_leggings":4,"minecraft:pointed_dripstone":21,"minecraft:crimson_stem":53,"minecraft:wheat_seeds":24,"minecraft:cooked_mutton":5,"minecraft:acacia_boat":2,"minecraft:water_bucket":157,"minecraft:birch_planks":2,"minecraft:birch_boat":10,"minecraft:cherry_planks":186,"minecraft:cauldron":3,"minecraft:cobblestone_slab":7,"minecraft:warped_roots":1,"minecraft:polished_blackstone_bricks":4,"minecraft:salmon":1,"minecraft:orange_carpet":2,"minecraft:crafting_table":6,"minecraft:oak_slab":16,"minecraft:red_bed":1,"minecraft:crimson_trapdoor":33,"minecraft:brown_banner":4,"minecraft:spider_eye":1,"minecraft:white_bed":8,"minecraft:cod":4,"minecraft:warped_planks":8,"minecraft:acacia_stairs":37,"minecraft:apple":3,"minecraft:cracked_polished_blackstone_bricks":2,"minecraft:iron_pickaxe":281,"minecraft:stone_axe":317,"minecraft:pink_petals":47,"minecraft:fishing_rod":15,"minecraft:cobblestone":162,"minecraft:cherry_stairs":542,"minecraft:porkchop":21,"minecraft:cobbled_deepslate_slab":7,"minecraft:crimson_stairs":71,"minecraft:white_banner":7,"minecraft:cooked_porkchop":9,"minecraft:bucket":169,"minecraft:glass_pane":15},"minecraft:killed_by":{"minecraft:creeper":2,"minecraft:vindicator":1,"minecraft:piglin":1,"minecraft:blaze":1,"minecraft:zombie":5,"minecraft:enderman":2,"minecraft:hoglin":1,"minecraft:skeleton":1},"minecraft:broken":{"minecraft:iron_leggings":1,"minecraft:stone_pickaxe":1,"minecraft:wooden_sword":1,"minecraft:stone_axe":2,"minecraft:iron_sword":1,"minecraft:wooden_axe":2,"minecraft:wooden_pickaxe":2,"minecraft:iron_axe":4,"minecraft:iron_pickaxe":1},"minecraft:dropped":{"minecraft:iron_sword":4,"minecraft:porkchop":2,"minecraft:cooked_beef":3,"minecraft:dirt":185,"minecraft:sand":5,"minecraft:iron_pickaxe":1,"minecraft:acacia_door":1,"minecraft:birch_log":1,"minecraft:white_wool":14,"minecraft:end_crystal":64,"minecraft:gold_ingot":1,"minecraft:bone":3,"minecraft:cherry_sapling":2,"minecraft:pointed_dripstone":1,"minecraft:rotten_flesh":37,"minecraft:oak_planks":16,"minecraft:acacia_stairs":3,"minecraft:carrot":8,"minecraft:poppy":3,"minecraft:gunpowder":1,"minecraft:lectern":4,"minecraft:wheat_seeds":28,"minecraft:golden_helmet":1,"minecraft:minecart":8,"minecraft:yellow_terracotta":8,"minecraft:iron_helmet":3,"minecraft:copper_ingot":1,"minecraft:coal":22,"minecraft:stick":2,"minecraft:gray_wool":2,"minecraft:torch":5,"minecraft:nether_wart_block":1,"minecraft:potion":1,"minecraft:iron_leggings":1,"minecraft:heart_of_the_sea":1,"minecraft:pink_petals":14,"minecraft:redstone":4,"minecraft:bucket":1,"minecraft:acacia_planks":7,"minecraft:kelp":2,"minecraft:blaze_rod":5,"minecraft:light_gray_wool":1,"minecraft:smoker":1,"minecraft:iron_hoe":2,"minecraft:filled_map":2,"minecraft:spider_eye":3,"minecraft:diamond_boots":1,"minecraft:bow":1,"minecraft:magma_block":1}},"DataVersion":3700}