{"stats":{"minecraft:dropped":{"minecraft:iron_sword":4,"minecraft:porkchop":2,"minecraft:dirt":1,"minecraft:sand":5,"minecraft:iron_pickaxe":1,"minecraft:acacia_door":1,"minecraft:birch_log":1,"minecraft:white_wool":14,"minecraft:end_crystal":64,"minecraft:bone":2,"minecraft:pointed_dripstone":1,"minecraft:cherry_sapling":2,"minecraft:rotten_flesh":31,"minecraft:oak_planks":16,"minecraft:acacia_stairs":3,"minecraft:carrot":8,"minecraft:poppy":2,"minecraft:gunpowder":1,"minecraft:lectern":4,"minecraft:wheat_seeds":12,"minecraft:golden_helmet":1,"minecraft:yellow_terracotta":8,"minecraft:iron_helmet":3,"minecraft:copper_ingot":1,"minecraft:coal":22,"minecraft:stick":2,"minecraft:gray_wool":2,"minecraft:torch":5,"minecraft:potion":1,"minecraft:iron_leggings":1,"minecraft:heart_of_the_sea":1,"minecraft:bucket":1,"minecraft:acacia_planks":7,"minecraft:kelp":2,"minecraft:light_gray_wool":1,"minecraft:smoker":1,"minecraft:filled_map":2,"minecraft:spider_eye":3,"minecraft:diamond_boots":1,"minecraft:bow":1,"minecraft:magma_block":1},"minecraft:broken":{"minecraft:stone_pickaxe":1,"minecraft:wooden_sword":1,"minecraft:stone_axe":2,"minecraft:wooden_axe":2,"minecraft:iron_axe":3,"minecraft:iron_pickaxe":1},"minecraft:killed":{"minecraft:spider":6,"minecraft:skeleton":39,"minecraft:pig":11,"minecraft:salmon":1,"minecraft:creeper":42,"minecraft:sheep":8,"minecraft:pillager":11,"minecraft:zombie":63,"minecraft:vindicator":2,"minecraft:drowned":3,"minecraft:wandering_trader":1},"minecraft:crafted":{"minecraft:smooth_stone":3,"minecraft:oak_planks":228,"minecraft:cobblestone_slab":12,"minecraft:cherry_pressure_plate":4,"minecraft:cooked_chicken":3,"minecraft:cooked_mutton":1,"minecraft:hopper":5,"minecraft:iron_boots":1,"minecraft:bow":1,"minecraft:chest":19,"minecraft:birch_door":3,"minecraft:oak_slab":6,"minecraft:arrow":288,"minecraft:emerald":42,"minecraft:cauldron":3,"minecraft:crafting_table":3,"minecraft:acacia_slab":6,"minecraft:wooden_pickaxe":2,"minecraft:iron_helmet":1,"minecraft:cherry_button":2,"minecraft:apple":4,"minecraft:iron_chestplate":1,"minecraft:paper":42,"minecraft:stick":1668,"minecraft:iron_ingot":81,"minecraft:iron_pickaxe":1,"minecraft:cherry_planks":8,"minecraft:wooden_sword":1,"minecraft:cobbled_deepslate_slab":6,"minecraft:fishing_rod":2,"minecraft:smooth_stone_slab":6,"minecraft:furnace":2,"minecraft:bone_meal":33,"minecraft:oak_trapdoor":4,"minecraft:iron_axe":17,"minecraft:ladder":24,"minecraft:stone_pickaxe":3,"minecraft:wheat":594,"minecraft:iron_sword":4,"minecraft:acacia_trapdoor":60,"minecraft:blue_bed":1,"minecraft:bucket":5,"minecraft:stone_axe":3,"minecraft:enchanted_book":3,"minecraft:bread":205,"minecraft:air":0,"minecraft:blue_dye":1,"minecraft:wooden_axe":1,"minecraft:iron_shovel":2,"minecraft:iron_leggings":1,"minecraft:armor_stand":2,"minecraft:white_bed":1,"minecraft:acacia_planks":2124,"minecraft:torch":4},"minecraft:used":{"minecraft:iron_shovel":24,"minecraft:ladder":26,"minecraft:poppy":1,"minecraft:chest":28,"minecraft:iron_sword":340,"minecraft:zombie_spawn_egg":3,"minecraft:rotten_flesh":9,"minecraft:iron_chestplate":3,"minecraft:mutton":8,"minecraft:skeleton_spawn_egg":3,"minecraft:carrot":1,"minecraft:acacia_sapling":18,"minecraft:lava_bucket":9,"minecraft:villager_spawn_egg":3,"minecraft:lantern":2,"minecraft:grass_block":55,"minecraft:iron_helmet":7,"minecraft:cherry_leaves":8,"minecraft:cherry_button":2,"minecraft:magma_block":1,"minecraft:oak_sapling":2,"minecraft:furnace":2,"minecraft:potato":1,"minecraft:short_grass":1,"minecraft:diorite":33,"minecraft:stripped_acacia_log":1,"minecraft:acacia_trapdoor":62,"minecraft:stone_pickaxe":183,"minecraft:oak_planks":72,"minecraft:wooden_pickaxe":64,"minecraft:blue_bed":2,"minecraft:white_wool":7,"minecraft:sand":8,"minecraft:yellow_terracotta":12,"minecraft:crossbow":18,"minecraft:dripstone_block":6,"minecraft:creeper_spawn_egg":3,"minecraft:melon_slice":32,"minecraft:bread":28,"minecraft:lectern":41,"minecraft:wooden_sword":59,"minecraft:andesite":8,"minecraft:smooth_stone_slab":4,"minecraft:bone_meal":6,"minecraft:oak_trapdoor":4,"minecraft:enchanting_table":8,"minecraft:acacia_log":1,"minecraft:tropical_fish":1,"minecraft:armor_stand":3,"minecraft:cooked_salmon":1,"minecraft:cooked_chicken":3,"minecraft:oak_door":1,"minecraft:torch":91,"minecraft:dirt":119,"minecraft:white_carpet":2,"minecraft:hopper":8,"minecraft:cherry_pressure_plate":4,"minecraft:granite":20,"minecraft:birch_door":3,"minecraft:iron_hoe":17,"minecraft:wooden_axe":93,"minecraft:bookshelf":48,"minecraft:iron_axe":493,"minecraft:acacia_slab":20,"minecraft:spawner":9,"minecraft:iron_boots":4,"minecraft:diamond_chestplate":1,"minecraft:golden_carrot":22,"minecraft:tall_grass":2,"minecraft:acacia_wood":6,"minecraft:cooked_beef":12,"minecraft:cobbled_deepslate":27,"minecraft:acacia_planks":1029,"minecraft:cherry_log":108,"minecraft:iron_leggings":3,"minecraft:pointed_dripstone":21,"minecraft:wheat_seeds":4,"minecraft:cooked_mutton":5,"minecraft:water_bucket":154,"minecraft:birch_planks":2,"minecraft:birch_boat":10,"minecraft:cherry_planks":169,"minecraft:cauldron":3,"minecraft:cobblestone_slab":7,"minecraft:salmon":1,"minecraft:orange_carpet":2,"minecraft:oak_slab":16,"minecraft:crafting_table":4,"minecraft:red_bed":1,"minecraft:brown_banner":4,"minecraft:spider_eye":1,"minecraft:white_bed":8,"minecraft:cod":4,"minecraft:acacia_stairs":1,"minecraft:apple":3,"minecraft:iron_pickaxe":281,"minecraft:stone_axe":317,"minecraft:pink_petals":12,"minecraft:fishing_rod":15,"minecraft:cobblestone":162,"minecraft:cherry_stairs":50,"minecraft:cobbled_deepslate_slab":7,"minecraft:cooked_porkchop":6,"minecraft:white_banner":7,"minecraft:porkchop":18,"minecraft:bucket":166,"minecraft:glass_pane":15},"minecraft:picked_up":{"minecraft:iron_chestplate":3,"minecraft:wheat":45,"minecraft:lead":4,"minecraft:potion":2,"minecraft:string":24,"minecraft:raw_copper":16,"minecraft:iron_leggings":12,"minecraft:armor_stand":1,"minecraft:diamond_leggings":1,"minecraft:cobbled_deepslate":41,"minecraft:bucket":23,"minecraft:cobblestone_slab":1,"minecraft:netherite_upgrade_smithing_template":1,"minecraft:iron_pickaxe":13,"minecraft:melon_slice":231,"minecraft:iron_boots":3,"minecraft:furnace":1,"minecraft:stick":68,"minecraft:torch":146,"minecraft:acacia_log":532,"minecraft:porkchop":25,"minecraft:pointed_dripstone":40,"minecraft:diorite":44,"minecraft:rotten_flesh":72,"minecraft:tropical_fish":1,"minecraft:cod":4,"minecraft:cobblestone":204,"minecraft:birch_log":3,"minecraft:pink_petals":15,"minecraft:magma_block":3,"minecraft:feather":7,"minecraft:cooked_beef":57,"minecraft:cherry_leaves":8,"minecraft:water_bucket":2,"minecraft:orange_carpet":2,"minecraft:potato":1,"minecraft:smoker":2,"minecraft:lantern":2,"minecraft:lapis_lazuli":238,"minecraft:dirt":118,"minecraft:bone":49,"minecraft:acacia_planks":2506,"minecraft:bow":2,"minecraft:wheat_seeds":575,"minecraft:diamond_helmet":3,"minecraft:powered_rail":1,"minecraft:oak_planks":48,"minecraft:cooked_porkchop":33,"minecraft:sand":13,"minecraft:acacia_stairs":10,"minecraft:stripped_acacia_log":1,"minecraft:diamond":70,"minecraft:crossbow":2,"minecraft:granite":48,"minecraft:bone_meal":6,"minecraft:golden_apple":2,"minecraft:emerald":4,"minecraft:bread":285,"minecraft:oak_sapling":2,"minecraft:fishing_rod":2,"minecraft:crafting_table":4,"minecraft:chicken":2,"minecraft:ladder":2,"minecraft:wooden_pickaxe":3,"minecraft:shield":1,"minecraft:red_bed":1,"minecraft:acacia_door":4,"minecraft:iron_axe":9,"minecraft:wooden_sword":2,"minecraft:white_carpet":2,"minecraft:iron_shovel":1,"minecraft:iron_nugget":2,"minecraft:poppy":3,"minecraft:light_gray_wool":1,"minecraft:lectern":19,"minecraft:sugar_cane":40,"minecraft:chest":26,"minecraft:raw_iron":151,"minecraft:oak_door":1,"minecraft:copper_ingot":1,"minecraft:fire_charge":1,"minecraft:carrot":218,"minecraft:tnt":1,"minecraft:arrow":263,"minecraft:diamond_chestplate":5,"minecraft:cooked_cod":8,"minecraft:diamond_boots":2,"minecraft:hay_block":21,"minecraft:yellow_terracotta":20,"minecraft:saddle":2,"minecraft:mutton":14,"minecraft:white_wool":33,"minecraft:rail":26,"minecraft:golden_carrot":102,"minecraft:salmon":1,"minecraft:leather":14,"minecraft:acacia_wood":7,"minecraft:birch_planks":2,"minecraft:filled_map":2,"minecraft:oak_log":57,"minecraft:gunpowder":12,"minecraft:blue_bed":1,"minecraft:paper":12,"minecraft:white_banner":7,"minecraft:cooked_mutton":18,"minecraft:apple":2,"minecraft:kelp":2,"minecraft:acacia_trapdoor":2,"minecraft:stone_pickaxe":10,"minecraft:heart_of_the_sea":4,"minecraft:iron_ingot":21,"minecraft:cooked_chicken":4,"minecraft:tall_grass":2,"minecraft:iron_sword":7,"minecraft:acacia_sapling":18,"minecraft:book":19,"minecraft:oak_slab":13,"minecraft:birch_boat":11,"minecraft:dripstone_block":14,"minecraft:gravel":15,"minecraft:white_bed":11,"minecraft:spider_eye":4,"minecraft:short_grass":1,"minecraft:iron_helmet":14,"minecraft:cherry_sapling":5,"minecraft:gray_wool":2,"minecraft:brown_banner":4,"minecraft:acacia_slab":19,"minecraft:melon_seeds":20,"minecraft:coal":60,"minecraft:hopper":6},"minecraft:custom":{"minecraft:interact_with_crafting_table":94,"minecraft:leave_game":27,"minecraft:time_since_death":426530,"minecraft:sprint_one_cm":1703316,"minecraft:drop":90,"minecraft:talked_to_villager":130,"minecraft:play_time":844899,"minecraft:deaths":19,"minecraft:jump":13391,"minecraft:walk_on_water_one_cm":104763,"minecraft:interact_with_furnace":28,"minecraft:traded_with_villager":86,"minecraft:sleep_in_bed":37,"minecraft:damage_dealt":30828,"minecraft:crouch_one_cm":54249,"minecraft:interact_with_smoker":8,"minecraft:use_cauldron":3,"minecraft:mob_kills":198,"minecraft:interact_with_anvil":1,"minecraft:inspect_hopper":5,"minecraft:fill_cauldron":1,"minecraft:climb_one_cm":45682,"minecraft:walk_one_cm":1249802,"minecraft:raid_win":2,"minecraft:sneak_time":19582,"minecraft:walk_under_water_one_cm":129226,"minecraft:boat_one_cm":942904,"minecraft:interact_with_blast_furnace":1,"minecraft:total_world_time":844899,"minecraft:raid_trigger":2,"minecraft:interact_with_stonecutter":2,"minecraft:time_since_rest":25948,"minecraft:damage_taken":9132,"minecraft:swim_one_cm":206467,"minecraft:fly_one_cm":3227245,"minecraft:open_chest":362,"minecraft:fish_caught":5,"minecraft:fall_one_cm":368889},"minecraft:mined":{"minecraft:white_bed":8,"minecraft:farmland":1,"minecraft:granite":29,"minecraft:acacia_log":550,"minecraft:grass_block":31,"minecraft:hopper":4,"minecraft:magma_block":1,"minecraft:iron_ore":41,"minecraft:cobbled_deepslate":5,"minecraft:deepslate_lapis_ore":6,"minecraft:pointed_dripstone":9,"minecraft:red_bed":1,"minecraft:melon_stem":19,"minecraft:torch":16,"minecraft:poppy":1,"minecraft:melon":10,"minecraft:chest":14,"minecraft:glass":1,"minecraft:cobblestone":26,"minecraft:oak_planks":6,"minecraft:sugar_cane":14,"minecraft:wall_torch":14,"minecraft:pink_petals":2,"minecraft:acacia_sapling":1,"minecraft:birch_log":2,"minecraft:wheat":221,"minecraft:brown_wall_banner":3,"minecraft:oak_log":59,"minecraft:sand":2,"minecraft:dirt":55,"minecraft:oak_leaves":22,"minecraft:deepslate":23,"minecraft:yellow_terracotta":3,"minecraft:deepslate_diamond_ore":35,"minecraft:ladder":1,"minecraft:acacia_slab":14,"minecraft:hay_block":21,"minecraft:acacia_trapdoor":2,"minecraft:acacia_wood":6,"minecraft:andesite":8,"minecraft:bookshelf":5,"minecraft:cobblestone_slab":1,"minecraft:deepslate_iron_ore":32,"minecraft:stripped_acacia_log":1,"minecraft:stone":155,"minecraft:white_wool":4,"minecraft:oak_slab":7,"minecraft:acacia_leaves":52,"minecraft:glass_pane":9,"minecraft:crafting_table":5,"minecraft:short_grass":102,"minecraft:lectern":14,"minecraft:tall_grass":12,"minecraft:copper_ore":2,"minecraft:lapis_ore":6,"minecraft:diorite":31,"minecraft:blue_bed":1,"minecraft:birch_leaves":1,"minecraft:coal_ore":61,"minecraft:dripstone_block":7,"minecraft:acacia_planks":24},"minecraft:killed_by":{"minecraft:creeper":2,"minecraft:vindicator":1,"minecraft:zombie":4,"minecraft:enderman":2,"minecraft:skeleton":1}},"DataVersion":3700}