{"stats":{"minecraft:killed_by":{"minecraft:creeper":2,"minecraft:enderman":2,"minecraft:vindicator":1,"minecraft:skeleton":1,"minecraft:zombie":4},"minecraft:custom":{"minecraft:mob_kills":108,"minecraft:inspect_hopper":3,"minecraft:interact_with_crafting_table":78,"minecraft:leave_game":22,"minecraft:time_since_death":163127,"minecraft:climb_one_cm":10729,"minecraft:sprint_one_cm":1111169,"minecraft:walk_one_cm":823820,"minecraft:drop":53,"minecraft:talked_to_villager":53,"minecraft:raid_win":2,"minecraft:play_time":581496,"minecraft:deaths":19,"minecraft:sneak_time":18869,"minecraft:walk_under_water_one_cm":127918,"minecraft:boat_one_cm":942904,"minecraft:jump":9170,"minecraft:walk_on_water_one_cm":97512,"minecraft:total_world_time":581496,"minecraft:interact_with_furnace":27,"minecraft:traded_with_villager":83,"minecraft:raid_trigger":2,"minecraft:sleep_in_bed":23,"minecraft:time_since_rest":13359,"minecraft:damage_taken":8026,"minecraft:damage_dealt":16720,"minecraft:swim_one_cm":200043,"minecraft:fly_one_cm":2338000,"minecraft:open_chest":162,"minecraft:crouch_one_cm":52408,"minecraft:use_cauldron":2,"minecraft:interact_with_smoker":8,"minecraft:fish_caught":5,"minecraft:fall_one_cm":278732},"minecraft:dropped":{"minecraft:porkchop":2,"minecraft:wheat_seeds":8,"minecraft:golden_helmet":1,"minecraft:iron_helmet":1,"minecraft:copper_ingot":1,"minecraft:coal":22,"minecraft:stick":2,"minecraft:gray_wool":2,"minecraft:torch":5,"minecraft:potion":1,"minecraft:iron_leggings":1,"minecraft:heart_of_the_sea":1,"minecraft:sand":5,"minecraft:iron_pickaxe":1,"minecraft:acacia_door":1,"minecraft:birch_log":1,"minecraft:bucket":1,"minecraft:end_crystal":64,"minecraft:kelp":2,"minecraft:rotten_flesh":27,"minecraft:oak_planks":16,"minecraft:smoker":1,"minecraft:carrot":8,"minecraft:filled_map":2,"minecraft:poppy":1,"minecraft:gunpowder":1,"minecraft:bow":1,"minecraft:magma_block":1,"minecraft:lectern":1},"minecraft:broken":{"minecraft:stone_pickaxe":1,"minecraft:iron_axe":2,"minecraft:wooden_sword":1,"minecraft:stone_axe":2,"minecraft:iron_pickaxe":1,"minecraft:wooden_axe":2},"minecraft:mined":{"minecraft:white_bed":8,"minecraft:farmland":1,"minecraft:deepslate_diamond_ore":35,"minecraft:ladder":1,"minecraft:granite":29,"minecraft:acacia_log":547,"minecraft:grass_block":28,"minecraft:acacia_slab":8,"minecraft:hopper":4,"minecraft:hay_block":21,"minecraft:magma_block":1,"minecraft:acacia_trapdoor":2,"minecraft:iron_ore":41,"minecraft:cobbled_deepslate":5,"minecraft:andesite":8,"minecraft:deepslate_lapis_ore":6,"minecraft:bookshelf":4,"minecraft:pointed_dripstone":9,"minecraft:deepslate_iron_ore":32,"minecraft:stripped_acacia_log":1,"minecraft:stone":155,"minecraft:white_wool":4,"minecraft:acacia_leaves":52,"minecraft:glass_pane":7,"minecraft:melon_stem":19,"minecraft:torch":16,"minecraft:crafting_table":4,"minecraft:melon":10,"minecraft:short_grass":90,"minecraft:chest":8,"minecraft:lectern":1,"minecraft:tall_grass":11,"minecraft:copper_ore":2,"minecraft:cobblestone":23,"minecraft:lapis_ore":6,"minecraft:oak_planks":3,"minecraft:diorite":31,"minecraft:wall_torch":14,"minecraft:birch_log":2,"minecraft:wheat":221,"minecraft:brown_wall_banner":3,"minecraft:birch_leaves":1,"minecraft:coal_ore":61,"minecraft:oak_log":57,"minecraft:sand":2,"minecraft:dripstone_block":7,"minecraft:dirt":53,"minecraft:acacia_planks":15,"minecraft:oak_leaves":22,"minecraft:deepslate":23},"minecraft:crafted":{"minecraft:wooden_sword":1,"minecraft:cobbled_deepslate_slab":6,"minecraft:oak_planks":224,"minecraft:cobblestone_slab":6,"minecraft:fishing_rod":1,"minecraft:cooked_chicken":3,"minecraft:furnace":2,"minecraft:bone_meal":27,"minecraft:cooked_mutton":1,"minecraft:oak_trapdoor":4,"minecraft:hopper":5,"minecraft:bow":1,"minecraft:iron_boots":1,"minecraft:iron_axe":17,"minecraft:ladder":24,"minecraft:stone_pickaxe":3,"minecraft:chest":17,"minecraft:birch_door":3,"minecraft:wheat":594,"minecraft:oak_slab":6,"minecraft:arrow":288,"minecraft:emerald":41,"minecraft:cauldron":3,"minecraft:crafting_table":3,"minecraft:acacia_slab":6,"minecraft:wooden_pickaxe":2,"minecraft:iron_helmet":1,"minecraft:iron_sword":4,"minecraft:acacia_trapdoor":60,"minecraft:blue_bed":1,"minecraft:bucket":5,"minecraft:stone_axe":3,"minecraft:enchanted_book":2,"minecraft:bread":205,"minecraft:air":0,"minecraft:blue_dye":1,"minecraft:iron_chestplate":1,"minecraft:stick":1656,"minecraft:iron_ingot":81,"minecraft:iron_pickaxe":1,"minecraft:wooden_axe":1,"minecraft:iron_shovel":2,"minecraft:iron_leggings":1,"minecraft:white_bed":1,"minecraft:acacia_planks":2108,"minecraft:torch":4},"minecraft:killed":{"minecraft:vindicator":2,"minecraft:spider":4,"minecraft:skeleton":15,"minecraft:drowned":2,"minecraft:pig":11,"minecraft:salmon":1,"minecraft:creeper":15,"minecraft:sheep":8,"minecraft:pillager":11,"minecraft:zombie":28},"minecraft:picked_up":{"minecraft:crafting_table":4,"minecraft:iron_chestplate":3,"minecraft:wheat":21,"minecraft:ladder":2,"minecraft:wooden_pickaxe":3,"minecraft:potion":2,"minecraft:shield":1,"minecraft:string":22,"minecraft:raw_copper":16,"minecraft:iron_axe":9,"minecraft:acacia_door":3,"minecraft:wooden_sword":2,"minecraft:iron_leggings":10,"minecraft:cobbled_deepslate":41,"minecraft:bucket":21,"minecraft:melon_slice":55,"minecraft:poppy":1,"minecraft:iron_pickaxe":12,"minecraft:lectern":4,"minecraft:chest":20,"minecraft:iron_boots":3,"minecraft:furnace":1,"minecraft:stick":16,"minecraft:raw_iron":151,"minecraft:oak_door":1,"minecraft:copper_ingot":1,"minecraft:torch":145,"minecraft:acacia_log":528,"minecraft:porkchop":25,"minecraft:pointed_dripstone":39,"minecraft:diorite":44,"minecraft:carrot":24,"minecraft:tnt":1,"minecraft:arrow":34,"minecraft:rotten_flesh":51,"minecraft:tropical_fish":1,"minecraft:hay_block":21,"minecraft:yellow_terracotta":6,"minecraft:saddle":1,"minecraft:mutton":14,"minecraft:cod":4,"minecraft:white_wool":19,"minecraft:cobblestone":201,"minecraft:birch_log":3,"minecraft:pink_petals":3,"minecraft:magma_block":3,"minecraft:feather":2,"minecraft:golden_carrot":86,"minecraft:water_bucket":2,"minecraft:salmon":1,"minecraft:smoker":2,"minecraft:birch_planks":2,"minecraft:filled_map":2,"minecraft:oak_log":56,"minecraft:gunpowder":11,"minecraft:lapis_lazuli":199,"minecraft:dirt":102,"minecraft:paper":12,"minecraft:white_banner":7,"minecraft:cooked_mutton":18,"minecraft:bone":41,"minecraft:acacia_planks":2496,"minecraft:apple":2,"minecraft:kelp":2,"minecraft:bow":1,"minecraft:acacia_trapdoor":2,"minecraft:wheat_seeds":310,"minecraft:stone_pickaxe":10,"minecraft:heart_of_the_sea":3,"minecraft:iron_ingot":21,"minecraft:cooked_chicken":4,"minecraft:tall_grass":2,"minecraft:acacia_sapling":17,"minecraft:oak_planks":46,"minecraft:book":14,"minecraft:oak_slab":6,"minecraft:cooked_porkchop":19,"minecraft:birch_boat":11,"minecraft:dripstone_block":12,"minecraft:sand":13,"minecraft:white_bed":11,"minecraft:acacia_stairs":6,"minecraft:spider_eye":1,"minecraft:stripped_acacia_log":1,"minecraft:diamond":70,"minecraft:short_grass":1,"minecraft:iron_helmet":10,"minecraft:crossbow":1,"minecraft:granite":48,"minecraft:bone_meal":6,"minecraft:gray_wool":2,"minecraft:bread":285,"minecraft:emerald":4,"minecraft:acacia_slab":12,"minecraft:oak_sapling":2,"minecraft:brown_banner":3,"minecraft:melon_seeds":16,"minecraft:coal":60,"minecraft:hopper":6},"minecraft:used":{"minecraft:oak_trapdoor":4,"minecraft:acacia_log":1,"minecraft:iron_shovel":24,"minecraft:tropical_fish":1,"minecraft:ladder":26,"minecraft:chest":20,"minecraft:iron_sword":124,"minecraft:zombie_spawn_egg":3,"minecraft:cooked_chicken":3,"minecraft:cooked_salmon":1,"minecraft:oak_door":1,"minecraft:iron_chestplate":3,"minecraft:torch":91,"minecraft:dirt":99,"minecraft:mutton":8,"minecraft:skeleton_spawn_egg":3,"minecraft:hopper":8,"minecraft:carrot":1,"minecraft:acacia_sapling":17,"minecraft:granite":8,"minecraft:birch_door":3,"minecraft:wooden_axe":93,"minecraft:lava_bucket":8,"minecraft:grass_block":2,"minecraft:iron_axe":447,"minecraft:acacia_slab":12,"minecraft:spawner":9,"minecraft:iron_helmet":6,"minecraft:iron_boots":4,"minecraft:magma_block":1,"minecraft:golden_carrot":22,"minecraft:tall_grass":2,"minecraft:furnace":2,"minecraft:oak_sapling":2,"minecraft:acacia_planks":1009,"minecraft:cobbled_deepslate":27,"minecraft:iron_leggings":2,"minecraft:pointed_dripstone":21,"minecraft:short_grass":1,"minecraft:wheat_seeds":4,"minecraft:cooked_mutton":5,"minecraft:water_bucket":146,"minecraft:diorite":33,"minecraft:birch_planks":2,"minecraft:stripped_acacia_log":1,"minecraft:acacia_trapdoor":62,"minecraft:stone_pickaxe":183,"minecraft:oak_planks":65,"minecraft:wooden_pickaxe":64,"minecraft:birch_boat":10,"minecraft:oak_slab":2,"minecraft:cauldron":3,"minecraft:blue_bed":1,"minecraft:spider_eye":1,"minecraft:salmon":1,"minecraft:white_wool":7,"minecraft:sand":8,"minecraft:dripstone_block":6,"minecraft:yellow_terracotta":6,"minecraft:crafting_table":4,"minecraft:brown_banner":3,"minecraft:crossbow":15,"minecraft:white_bed":8,"minecraft:cod":4,"minecraft:creeper_spawn_egg":3,"minecraft:apple":2,"minecraft:melon_slice":6,"minecraft:bread":17,"minecraft:iron_pickaxe":273,"minecraft:lectern":1,"minecraft:pink_petals":3,"minecraft:stone_axe":317,"minecraft:fishing_rod":15,"minecraft:wooden_sword":59,"minecraft:cobblestone":162,"minecraft:cobbled_deepslate_slab":6,"minecraft:porkchop":18,"minecraft:white_banner":7,"minecraft:cooked_porkchop":6,"minecraft:bucket":154,"minecraft:andesite":8}},"DataVersion":3700}